"Power Acoustik EG1-4500D Edge Series Monoblock Class D Amp, 4,500 Watts Max", 144.37, Electronics, 10.20,"https://i5.walmartimages.com/asr/1c3058e4-3cfc-4761-81e5-b879cbf5dfb4_1.342aa9f9751165a8001b6814b861bac9.jpeg?odnHeight=450&odnWidth=450&odnBg=FFFFFF,https://i5.walmartimages.com/asr/2ff29f3f-9110-4f37-bcf0-ddbc43829473_1.58d3b69e3ca28c7db7c8e4cde6cdc202.jpeg?odnHeight=450&odnWidth=450&odnBg=FFFFFF,https://pisces.bbystatic.com/image2/BestBuy_US/images/products/5141/5141316_sa.jpg,http://pisces.bbystatic.com/image2/BestBuy_US/images/products/5141/5141316_sa.jpg,https://i5.walmartimages.com/asr/0153c57f-7615-4d9e-94e9-b9062f52454a_1.8ab1c5d7daf26a75bd4c7115a064c12c.jpeg?odnHeight=450&odnWidth=450&odnBg=FFFFFF"
IOGEAR - USB-C 4-in-1 4K UHD Multiport Laptop Adapter, 42.99, Electronics, 4.16,"https://pisces.bbystatic.com/image2/BestBuy_US/images/products/6138/6138405cv11a.jpg,https://images-na.ssl-images-amazon.com/images/I/51jROXut-0L._SL1500_.jpg,https://static.bhphoto.com/images/itemImgPlaceholder.jpg,https://images-na.ssl-images-amazon.com/images/I/51%25252BjDEzWhhL._SL1500_.jpg,https://static.bhphoto.com/images/images500x500/iogear_guh3c3pd_usb_c_to_4k_hdmi_1506465456000_1362065.jpg,https://pisces.bbystatic.com/image2/BestBuy_US/images/products/6138/6138405_sd.jpg,https://pisces.bbystatic.com/image2/BestBuy_US/images/products/6138/6138405cv12d.jpg,https://images-na.ssl-images-amazon.com/images/I/61W7fvxyGUL._SL1500_.jpg"
JBL - Reflect Contour 2 Wireless In-Ear Headphones - Black, 99.95, Electronics, 6.40,"https://images-na.ssl-images-amazon.com/images/I/61JmfxhdU1L._SL1200_.jpg,https://pisces.bbystatic.com/image2/BestBuy_US/images/products/6197/6197133cv11d.jpg,https://static.bhphoto.com/images/itemImgPlaceholder.jpg,https://pisces.bbystatic.com/image2/BestBuy_US/images/products/6197/6197133_sd.jpg,https://images-na.ssl-images-amazon.com/images/I/61078anjxML._SL1200_.jpg,https://static.bhphoto.com/images/images500x500/jbl_jblrefcontour2blk_reflect_contour_2_in_ear_1520277685000_1392934.jpg,https://images-na.ssl-images-amazon.com/images/I/61EOXz-RVoL._SL1200_.jpg,https://pisces.bbystatic.com/image2/BestBuy_US/images/products/6197/6197133cv12d.jpg"
Samsung - 65 Class - LED - Q7F Series - 2160p - Smart - 4K UHD TV with HDR, 2599.99, Electronics, 60.00,"https://i5.walmartimages.com/asr/746d54b0-52e9-4568-b1d0-fc5e1975b9ef_1.60af9a491fda72a3a44cad3273330f05.jpeg%25253FodnHeight%25253D450%252526odnWidth%25253D450%252526odnBg%25253DFFFFFF,https://i5.walmartimages.com/asr/31d20e00-5b64-4782-b57d-31f48668692e_3.2b35ff1be65cd21a88a48a8d5773cae9.jpeg%25253FodnHeight%25253D450%252526odnWidth%25253D450%252526odnBg%25253DFFFFFF,https://pisces.bbystatic.com/image2/BestBuy_US/images/products/6202/6202117cv11d.jpg,https://pisces.bbystatic.com/image2/BestBuy_US/images/products/6202/6202117cv14d.jpg,https://images-na.ssl-images-amazon.com/images/I/71yFSRiW2DL._SL1440_.jpg,https://images-na.ssl-images-amazon.com/images/I/81Jxef48M1L._SL1500_.jpg,https://pisces.bbystatic.com/image2/BestBuy_US/exc/videometadata/thumbnail/aa290cadecfba4a4616dde7d20b05566.jpg,https://images-na.ssl-images-amazon.com/images/I/61qMA%2525252BYgmNL._SL1440_.jpg,https://i5.walmartimages.com/asr/357983c6-f15a-43b3-af2e-edfec1889aac_1.dc96d93c982da933f2164f0e8537debe.jpeg%25253FodnHeight%25253D450%252526odnWidth%25253D450%252526odnBg%25253DFFFFFF,https://static.bhphoto.com/images/images500x500/samsung_qn65q7fnafxza_q7_series_65_4k_1520884003000_1395647.jpg,https://pisces.bbystatic.com/image2/BestBuy_US/images/products/6202/6202117_bd.jpg,https://i5.walmartimages.com/asr/3d165178-e795-4d54-88e3-1e466b879f6b_1.9bece45713e4d8e873c07400514032d9.jpeg%25253FodnHeight%25253D450%252526odnWidth%25253D450%252526odnBg%25253DFFFFFF,https://pisces.bbystatic.com/image2/BestBuy_US/images/products/6202/6202117_rd.jpg,https://i5.walmartimages.com/asr/96a69563-84be-47f7-92ae-ead970ba14af_2.35f8279fa8dce168b99e4a21ab33ccb1.jpeg%25253FodnHeight%25253D450%252526odnWidth%25253D450%252526odnBg%25253DFFFFFF,https://images-na.ssl-images-amazon.com/images/I/81tPi6RYXTL._SL1500_.jpg,https://i5.walmartimages.com/asr/6cd06fc5-030f-427b-98fa-f84a7bb02c72_3.c58a40091feb1d6c133016cd13b87f68.jpeg%25253FodnHeight%25253D450%252526odnWidth%25253D450%252526odnBg%25253DFFFFFF,https://i5.walmartimages.com/asr/e519b6d0-68ae-47d7-bcde-e6f2f2bf6716_1.283bee7f6b08fc391993f8afe4e7c831.jpeg%25253FodnHeight%25253D450%252526odnWidth%25253D450%252526odnBg%25253DFFFFFF,https://pisces.bbystatic.com/image2/BestBuy_US/images/products/6202/6202117_sd.jpg,https://static.bhphoto.com/images/itemImgPlaceholder.jpg,https://pisces.bbystatic.com/image2/BestBuy_US/images/products/6202/6202117ld.jpg,https://i5.walmartimages.com/asr/dff668e3-d13b-4ed1-a498-7ba6d1d43abc_3.142ec81d65d837bdf61c8a7eaa6f38a5.jpeg%25253FodnHeight%25253D450%252526odnWidth%25253D450%252526odnBg%25253DFFFFFF,https://pisces.bbystatic.com/image2/BestBuy_US/images/products/6202/6202117_eg.jpg,https://images-na.ssl-images-amazon.com/images/I/71Tn6tPBVwL._SL1440_.jpg,https://pisces.bbystatic.com/image2/BestBuy_US/images/products/6202/6202117cv12d.jpg,https://images-na.ssl-images-amazon.com/images/I/61JUMmXGlxL._SL1500_.jpg,https://i5.walmartimages.com/asr/5a2becc1-1319-4d47-84ee-bf53d97d4981_2.bea2998798f6b33152d4906289c2ab2d.jpeg%25253FodnHeight%25253D450%252526odnWidth%25253D450%252526odnBg%25253DFFFFFF,https://images-na.ssl-images-amazon.com/images/I/81lrrEpY8nL._SL1500_.jpg,https://pisces.bbystatic.com/image2/BestBuy_US/images/products/6202/6202117cv13d.jpg,https://images-na.ssl-images-amazon.com/images/I/91yuNNBjkgL._SL1500_.jpg"
Alpha a5100 Mirrorless Digital Camera with 16-50mm Lens (White), 624.00, Electronics, 9.98,"http://i.ebayimg.com/thumbs/images/g/TBUAAOSwdAxZbi8B/s-l96.jpg,http://i.ebayimg.com/thumbs/images/g/BvQAAOSww9xZDYyo/s-l96.jpg,https://static.bhphoto.com/images/smallimages/1456932911000_981539.jpg,https://i5.walmartimages.com/asr/03507ca9-6daa-432a-9e9f-2f5f03a6064d_1.9999fd77047aeae877f1daf2d8d75080.jpeg%2525252525253FodnHeight%2525252525253D450%25252525252526odnWidth%2525252525253D450%25252525252526odnBg%2525252525253DFFFFFF,https://static.bhphoto.com/images/multiple_images/thumbnails/1410466515000_IMG_423338.jpg,http://i.ebayimg.com/images/g/BsIAAOSwKFRZdmxn/s-l64.jpg,https://static.bhphotovideo.com/explora/sites/default/files/cs-best-of-2017-mirrorless-cameras.jpg,http://i.ebayimg.com/thumbs/images/g/5H8AAOSwCQNWeEK5/s-l96.jpg,https://i5.walmartimages.com/asr/35c77481-781a-4588-a217-8ee46ce139c0_1.23ceffbb6ff63610ee18ad860fd7dd5f.jpeg%2525252525253FodnHeight%2525252525253D450%25252525252526odnWidth%2525252525253D450%25252525252526odnBg%2525252525253DFFFFFF,https://i.ebayimg.com/images/g/cJkAAOSwW9ZZdmxl/s-l300.jpg,https://i.ebayimg.com/thumbs/images/g/recAAOSwyzNZ5RN1/s-l200.jpg,https://i.ebayimg.com/images/g/2zgAAOSw4HlZa~wg/s-l300.jpg,https://i.ebayimg.com/images/g/UXoAAOSwIzFalCyl/s-l64.jpg,http://i.ebayimg.com/thumbs/images/g/I0QAAOSwgv5ZWlgm/s-l200.jpg,https://images-na.ssl-images-amazon.com/images/I/61oUcV06JbL._SL1200_.jpg,https://i.ebayimg.com/images/g/c5UAAOSwwvZZQCcL/s-l300.jpg,http://i.ebayimg.com/images/g/UcIAAOSw~XpZQCcL/s-l64.jpg,http://i.ebayimg.com/thumbs/images/g/xR4AAOSwXeJYJEzP/s-l200.jpg,https://i.ebayimg.com/thumbs/images/g/29IAAOSwAbhalCyQ/s-l96.jpg,https://static.bhphoto.com/images/en/na500x500.jpg,http://i.ebayimg.com/images/g/2zgAAOSw4HlZa~wg/s-l64.jpg,https://i5.walmartimages.com/asr/6863ef47-a3da-45e8-8c15-e70003ac6b9a_1.219cb4666342c62621f36e9abcfc49fe.jpeg%2525252525253FodnHeight%2525252525253D450%25252525252526odnWidth%2525252525253D450%25252525252526odnBg%2525252525253DFFFFFF,http://i.ebayimg.com/thumbs/images/g/IaMAAOSwM4xXbK0R/s-l96.jpg,https://static.bhphoto.com/images/images500x500/sony_alpha_a5100_mirrorless_digital_1505959140000_1210053.jpg,https://i5.walmartimages.com/asr/9fe2cb0f-1c05-42f2-add9-f476ef0ad786_1.23a0d792de2464282a6d71af03e8ff04.jpeg%2525252525253FodnHeight%2525252525253D450%25252525252526odnWidth%2525252525253D450%25252525252526odnBg%2525252525253DFFFFFF,https://static.bhphoto.com/images/images500x500/sony_a5100_digital_camera_16_50_lens_1508688482000_1081891.jpg,http://i.ebayimg.com/thumbs/images/g/HDwAAOSwwvZZQulE/s-l96.jpg,https://i5.walmartimages.com/asr/98af59f8-2d26-4fe0-b91c-a19a431d9d38_1.67af080b5bd1bb62a1b7c8f002715303.jpeg%2525252525253FodnHeight%2525252525253D450%25252525252526odnWidth%2525252525253D450%25252525252526odnBg%2525252525253DFFFFFF,https://pisces.bbystatic.com/image2/BestBuy_US/images/products/8429/8429343cv2a.jpg,https://i.ebayimg.com/thumbs/images/g/Za8AAOSwu-BWP3SO/s-l200.jpg,https://static.bhphoto.com/images/multiple_images/thumbnails/1410466515000_IMG_423336.jpg,https://static.bhphoto.com/images/itemImgPlaceholder.jpg,https://static.bhphoto.com/images/multiple_images/thumbnails/1408402808000_IMG_415806.jpg,http://i.ebayimg.com/thumbs/images/g/1foAAOSwEAtZa6Zd/s-l200.jpg,https://i5.walmartimages.com/asr/02f1b5f4-4c29-4cff-978d-153f5c6dcacf_1.fc97251494851e33fec23edcec987c2c.jpeg%2525252525253FodnHeight%2525252525253D450%25252525252526odnWidth%2525252525253D450%25252525252526odnBg%2525252525253DFFFFFF,https://static.bhphoto.com/images/smallimages/1408403123000_1076401.jpg,https://i.ebayimg.com/thumbs/images/g/SCIAAOSwySlaDZKc/s-l96.jpg,https://i.ebayimg.com/images/g/S6gAAOSwIDtalCyh/s-l64.jpg,http://i.ebayimg.com/thumbs/images/g/wc8AAOSwKOJYJE-q/s-l200.jpg,https://static.bhphoto.com/images/smallimages/1423245083000_837444.jpg,https://images-na.ssl-images-amazon.com/images/I/71WG4EdCZfL._SL1200_.jpg,http://i.ebayimg.com/images/g/SkwAAOSwpHlZa~wk/s-l64.jpg,http://i.ebayimg.com/thumbs/images/g/yGwAAOSw-CpYBdya/s-l200.jpg,http://i.ebayimg.com/thumbs/images/g/4iQAAOSwPhdVSQPi/s-l96.jpg,http://i.ebayimg.com/thumbs/images/g/CdgAAOSwgDRZdlrk/s-l96.jpg,https://i.ebayimg.com/images/g/XoAAAOSwAC5ZbEtV/s-l300.jpg,https://static.bhphoto.com/images/smallimages/1355159341000_122499.jpg,https://static.bhphoto.com/images/smallimages/1441988549000_1185198.jpg,https://static.bhphoto.com/images/images500x500/sony_alpha_a5100_mirrorless_digital_1520452065000_1205235.jpg,http://i.ebayimg.com/thumbs/images/g/xnwAAOSwlRpZZnRF/s-l96.jpg,https://static.bhphoto.com/images/images500x500/sony_alpha_a5100_mirrorless_digital_1502329450000_1076401.jpg,http://i.ebayimg.com/thumbs/images/g/qfYAAOSwOMdZSZAJ/s-l96.jpg,https://i.ebayimg.com/thumbs/images/g/h1kAAOSwKJtarT15/s-l200.jpg,https://static.bhphoto.com/images/smallimages/1452203206000_836864.jpg,http://i.ebayimg.com/thumbs/images/g/wc8AAOSwKOJYJE-q/s-l96.jpg,http://i.ebayimg.com/thumbs/images/g/QWUAAOSwImRYUZ6K/s-l96.jpg,https://pisces.bbystatic.com/image2/BestBuy_US/images/products/8429/8429343_sd.jpg,https://pisces.bbystatic.com/image2/BestBuy_US/images/products/8429/8429343cv13a.jpg,https://images-na.ssl-images-amazon.com/images/I/71RuFIslMDL._SL1200_.jpg,http://i.ebayimg.com/thumbs/images/g/OzIAAOSwImRYG7jd/s-l200.jpg,https://i5.walmartimages.com/asr/91f7bb6e-0b78-451a-8e98-2b4cb58bf040_1.588aabcdf08783e708aab2ea832d47b8.jpeg%2525252525253FodnHeight%2525252525253D450%25252525252526odnWidth%2525252525253D450%25252525252526odnBg%2525252525253DFFFFFF,https://pisces.bbystatic.com/image2/BestBuy_US/images/products/8429/8429343cv17d.jpg,https://i.ebayimg.com/thumbs/images/g/lHkAAOSwZW5aKKeG/s-l200.jpg,https://images-na.ssl-images-amazon.com/images/I/6108mq%252525252525252BII8L._SL1200_.jpg,http://i.ebayimg.com/thumbs/images/g/2zgAAOSw4HlZa~wg/s-l200.jpg,https://static.bhphoto.com/images/images500x500/sony_a5100_digital_camera_16_50_lens_1515346774000_1081891.jpg,https://static.bhphoto.com/images/images500x500/sony_a5100_digital_camera_16_50_lens_1511803482000_1081891.jpg,https://static.bhphoto.com/images/images500x500/sony_ilce5100l_w_alpha_a5100_mirrorless_digital_1408403123000_1076401.jpg,https://static.bhphoto.com/images/multiple_images/thumbnails/1410466515000_IMG_423341.jpg,https://static.bhphoto.com/images/images500x500/sony_a5100_digital_camera_16_50_lens_1503582481000_1076401.jpg,http://i.ebayimg.com/00/s/NTAwWDUwMA==/z/CdgAAOSwgDRZdlrk/%25252525252524_10.JPG%2525252525253Fset_id%2525252525253D8800005007,http://i.ebayimg.com/thumbs/images/g/5osAAOSwb~9ZboHI/s-l96.jpg,https://i5.walmartimages.com/asr/1181f472-3613-4b7f-9248-2af2238492f8_1.c99b75687e1ed51cc38010222e39bbee.jpeg%2525252525253FodnHeight%2525252525253D450%25252525252526odnWidth%2525252525253D450%25252525252526odnBg%2525252525253DFFFFFF,https://images-na.ssl-images-amazon.com/images/I/71YnXOFnY8L._SL1200_.jpg,http://i.ebayimg.com/thumbs/images/g/cRoAAOSwn7JYCR8N/s-l200.jpg,http://i.ebayimg.com/thumbs/images/g/~00AAOSwGJlZMKLz/s-l96.jpg,https://static.bhphoto.com/images/multiple_images/thumbnails/1410466515000_IMG_423334.jpg,http://i.ebayimg.com/thumbs/images/g/j5sAAOSwyjBW3VZ4/s-l200.jpg,http://i.ebayimg.com/images/g/cJkAAOSwW9ZZdmxl/s-l64.jpg,http://i.ebayimg.com/thumbs/images/g/YxwAAOSw1~JZRzA~/s-l200.jpg,https://images-na.ssl-images-amazon.com/images/I/717drH8PKqL._SL1200_.jpg,https://static.bhphoto.com/images/images500x500/sony_alpha_a5100_mirrorless_digital_1503582481000_1076401.jpg,https://pisces.bbystatic.com/image2/BestBuy_US/images/products/8429/8429343cv11d.jpg,https://images-na.ssl-images-amazon.com/images/I/7110wUAHlOL._SL1200_.jpg,https://i.ebayimg.com/images/g/S6gAAOSwIDtalCyh/s-l300.jpg,http://i.ebayimg.com/images/g/RbIAAOSwjvJZQCcM/s-l64.jpg,https://static.bhphoto.com/images/images500x500/sony_ilce_5100l_w_alpha_a5100_mirrorless_digital_1408403123000_1076401.jpg,https://static.bhphoto.com/images/smallimages/1505945627000_1105014.jpg,https://pisces.bbystatic.com/image2/BestBuy_US/images/products/8429/8429343le.jpg,https://static.bhphoto.com/images/multiple_images/thumbnails/1410466515000_IMG_423330.jpg,https://i.ebayimg.com/images/g/RDAAAOSwwNBalCyo/s-l64.jpg,https://static.bhphoto.com/images/multiple_images/thumbnails/1410466515000_IMG_423343.jpg,https://images-na.ssl-images-amazon.com/images/I/61YXwqF2q0L._SL1200_.jpg,https://static.bhphoto.com/images/multiple_images/thumbnails/1410466515000_IMG_423332.jpg,https://static.bhphoto.com/images/multiple_images/thumbnails/1410466515000_IMG_423339.jpg,http://i.ebayimg.com/00/s/NTAwWDUwMA==/z/cRoAAOSwn7JYCR8N/%25252525252524_10.JPG%2525252525253Fset_id%2525252525253D8800005007,http://i.ebayimg.com/images/g/pFMAAOSwN2VZQCcL/s-l64.jpg,https://static.bhphoto.com/images/images500x500/sony_alpha_a5100_mirrorless_digital_1502336420000_1076401.jpg,https://images-na.ssl-images-amazon.com/images/I/61nN-4mLjtL._SL1200_.jpg,https://i.ebayimg.com/thumbs/images/g/W~YAAOSwv0tU7DzF/s-l96.jpg,http://i.ebayimg.com/images/g/JMgAAOSwZ0NZa~wo/s-l64.jpg,https://images-na.ssl-images-amazon.com/images/I/61q6Uc1zW-L._SL1200_.jpg,http://i.ebayimg.com/images/g/M14AAOSw1P9Za~wn/s-l64.jpg,http://i.ebayimg.com/00/s/ODAwWDYwMA==/z/cJkAAOSwW9ZZdmxl/%25252525252524_10.JPG%2525252525253Fset_id%2525252525253D880000500F,http://i.ebayimg.com/thumbs/images/g/unAAAOSw0j9ZVMOn/s-l96.jpg,https://images-na.ssl-images-amazon.com/images/I/61hsi%252525252525252BmrsJL._SL1200_.jpg,http://i.ebayimg.com/images/g/MyIAAOSw1P9Za~wf/s-l64.jpg,http://i.ebayimg.com/thumbs/images/g/WaMAAOSwnONZDYVu/s-l96.jpg,https://pisces.bbystatic.com/image2/BestBuy_US/images/products/8429/8429343cv15d.jpg,https://static.bhphoto.com/images/multiple_images/thumbnails/1410466515000_IMG_423337.jpg,http://i.ebayimg.com/thumbs/images/g/cRoAAOSwn7JYCR8N/s-l96.jpg,http://i.ebayimg.com/thumbs/images/g/hekAAOSwZ1lWhELg/s-l96.jpg,http://i.ebayimg.com/images/g/H90AAOSwX3NZa~wk/s-l64.jpg,https://static.bhphoto.com/images/smallimages/1529862848000_1081891.jpg,http://i.ebayimg.com/images/g/rPsAAOSwA4pZa~wk/s-l64.jpg,http://i.ebayimg.com/images/g/~l0AAOSwSTFZa~wn/s-l64.jpg,https://pisces.bbystatic.com/image2/BestBuy_US/images/products/8429/8429343cv14d.jpg,http://i.ebayimg.com/00/z/5~4AAOSwqu9UzvI1/%25252525252524_10.png,http://i.ebayimg.com/images/g/ZhgAAOSw4ERZa~wm/s-l64.jpg,https://i5.walmartimages.com/asr/688643c6-5c36-473d-91fe-dfdbbc4ce6ee_1.551efcb94163fcf9f8c332dff1df9e60.jpeg%2525252525253FodnHeight%2525252525253D450%25252525252526odnWidth%2525252525253D450%25252525252526odnBg%2525252525253DFFFFFF,https://i5.walmartimages.com/asr/01e57e10-e11f-4f4b-833d-f4e6ec39f424_1.ac5d49d2d61e58987bf5c7e602c484f4.jpeg%2525252525253FodnHeight%2525252525253D450%25252525252526odnWidth%2525252525253D450%25252525252526odnBg%2525252525253DFFFFFF,http://i.ebayimg.com/images/g/Ra8AAOSwjvJZQCcL/s-l64.jpg,https://static.bhphoto.com/images/images500x500/sony_a5100_digital_camera_16_50_lens_1529862848000_1081891.jpg,https://static.bhphoto.com/images/smallimages/1520452065000_1205235.jpg,https://static.bhphoto.com/images/multiple_images/thumbnails/1410466515000_IMG_423329.jpg,http://i.ebayimg.com/00/s/NTI4WDUwNA==/z/wc8AAOSwKOJYJE-q/%25252525252524_10.JPG%2525252525253Fset_id%2525252525253D8800005007,https://i.ebayimg.com/images/g/cRoAAOSwn7JYCR8N/s-l300.jpg,https://i.ebayimg.com/thumbs/images/g/wc8AAOSwKOJYJE-q/s-l96.jpg,https://static.bhphoto.com/images/images500x500/sony_alpha_a5100_mirrorless_digital_1505945627000_1105014.jpg,https://pisces.bbystatic.com/image2/BestBuy_US/images/products/8429/8429343cv12a.jpg,https://static.bhphoto.com/images/images500x500/sony_alpha_a5100_mirrorless_digital_1520361973000_1204146.jpg,https://static.bhphoto.com/images/multiple_images/thumbnails/1410466515000_IMG_423335.jpg,http://i.ebayimg.com/images/g/vq8AAOSw8l5Zdmxm/s-l64.jpg,http://i.ebayimg.com/thumbs/images/g/pGEAAOSwls5Y6nds/s-l96.jpg,https://images-na.ssl-images-amazon.com/images/I/61V5-EZvYIL._SL1200_.jpg,https://static.bhphoto.com/images/smallimages/1408381545000_1075698.jpg,http://i.ebayimg.com/images/g/tEIAAOSwl5dZdlri/s-l64.jpg,https://images-na.ssl-images-amazon.com/images/I/61GumRHvYML._SL1200_.jpg,http://i.ebayimg.com/thumbs/images/g/j5kAAOSw32lY04qv/s-l96.jpg,http://i.ebayimg.com/00/s/MTAwMFgxMDAw/z/c5UAAOSwwvZZQCcL/%25252525252524_10.JPG%2525252525253Fset_id%2525252525253D880000500F,https://static.bhphoto.com/images/multiple_images/thumbnails/1408402808000_IMG_415807.jpg,https://pisces.bbystatic.com/image2/BestBuy_US/images/products/8429/8429343cv16d.jpg,http://i.ebayimg.com/thumbs/images/g/0vAAAOSwa~BYTmmZ/s-l96.jpg,http://i.ebayimg.com/thumbs/images/g/xR4AAOSwXeJYJEzP/s-l96.jpg,http://i.ebayimg.com/thumbs/images/g/yGwAAOSw-CpYBdya/s-l96.jpg,https://static.bhphoto.com/images/multiple_images/thumbnails/1410466515000_IMG_423340.jpg,https://images-na.ssl-images-amazon.com/images/I/71jfmi1Z7GL._SL1200_.jpg,https://static.bhphoto.com/images/multiple_images/thumbnails/1410466515000_IMG_423333.jpg,https://images-na.ssl-images-amazon.com/images/I/71P%252525252525252BCWwYB7L._SL1200_.jpg,http://i.ebayimg.com/images/g/1GgAAOSwnK9ZQCcM/s-l64.jpg,https://i.ebayimg.com/images/g/CdgAAOSwgDRZdlrk/s-l300.jpg,http://i.ebayimg.com/thumbs/images/g/12EAAOSwKTBZcPsn/s-l96.jpg,http://i.ebayimg.com/thumbs/images/g/OzIAAOSwImRYG7jd/s-l96.jpg,https://i.ebayimg.com/images/g/wc8AAOSwKOJYJE-q/s-l300.jpg,https://static.bhphoto.com/images/smallimages/0_801624955.jpg,https://images-na.ssl-images-amazon.com/images/I/61rodqFzrAL._SL1200_.jpg,https://i5.walmartimages.com/asr/4cdff318-6643-4443-8754-678195aa0c82_1.ae02bed964795bd3479b5ad3f23fa41d.png%2525252525253FodnHeight%2525252525253D450%25252525252526odnWidth%2525252525253D450%25252525252526odnBg%2525252525253DFFFFFF,https://pisces.bbystatic.com/image2/BestBuy_US/images/products/8429/8429343_bd.jpg,https://i5.walmartimages.com/asr/f8412615-0a7f-40b1-b5dd-5bfe3bec0389_1.a223205ab96c306dd157590d0590ae15.jpeg%2525252525253FodnHeight%2525252525253D450%25252525252526odnWidth%2525252525253D450%25252525252526odnBg%2525252525253DFFFFFF,https://static.bhphoto.com/images/multiple_images/thumbnails/1410466515000_IMG_423342.jpg,https://static.bhphoto.com/images/smallimages/1314223723000_818648.jpg,http://i.ebayimg.com/thumbs/images/g/yPQAAOSw3ZRY~vjL/s-l96.jpg,http://i.ebayimg.com/images/g/c5UAAOSwwvZZQCcL/s-l64.jpg,https://static.bhphoto.com/images/images500x500/sony_alpha_a5100_mirrorless_digital_1505956884000_1204146.jpg,https://i.ebayimg.com/thumbs/images/g/qcgAAOSwknJXzEXT/s-l200.jpg,http://i.ebayimg.com/images/g/CfkAAOSwyltZQCcL/s-l64.jpg,https://static.bhphoto.com/images/multiple_images/thumbnails/1410466515000_IMG_423344.jpg,http://i.ebayimg.com/images/g/DkUAAOSwuxpZa~wf/s-l64.jpg,https://static.bhphoto.com/images/multiple_images/thumbnails/1410466515000_IMG_423331.jpg,http://i.ebayimg.com/thumbs/images/g/ngkAAOSw241Ycbwc/s-l96.jpg,http://i.ebayimg.com/00/z/nVEAAOSwaNBUdcX~/%25252525252524_10.png,http://i.ebayimg.com/thumbs/images/g/I0QAAOSwgv5ZWlgm/s-l96.jpg,http://i.ebayimg.com/thumbs/images/g/c5UAAOSwwvZZQCcL/s-l96.jpg,http://i.ebayimg.com/thumbs/images/g/46cAAOSwjvJZRvWa/s-l96.jpg,http://i.ebayimg.com/images/g/CdgAAOSwgDRZdlrk/s-l64.jpg,https://i5.walmartimages.com/asr/a1e5c39f-6a5a-4f5a-9508-a878e1f8ee5d_1.59bf12589b4ab7c62dbb9eaec18ca9cb.jpeg%2525252525253FodnHeight%2525252525253D450%25252525252526odnWidth%2525252525253D450%25252525252526odnBg%2525252525253DFFFFFF,https://images-na.ssl-images-amazon.com/images/I/71JOPSZGMrL._SL1200_.jpg,https://pisces.bbystatic.com/image2/BestBuy_US/images/products/8429/8429343cv1d.jpg,https://static.bhphoto.com/images/smallimages/1353519042000_878421.jpg,https://i5.walmartimages.com/asr/1c2b41da-4edd-4dad-8e60-8efdc90fe05d_1.5e28eba9942f3f84436ee6072683c032.jpeg%2525252525253FodnHeight%2525252525253D450%25252525252526odnWidth%2525252525253D450%25252525252526odnBg%2525252525253DFFFFFF,https://static.bhphoto.com/images/images500x500/sony_a5100_digital_camera_16_50_lens_1524417793000_1081891.jpg,https://i.ebayimg.com/thumbs/images/g/Gh0AAOSwjyhZ52qB/s-l96.jpg,https://images-na.ssl-images-amazon.com/images/I/714wEuZ48qL._SL1200_.jpg,https://i5.walmartimages.com/asr/718dcef7-1ba5-44db-8572-fe6a70fb743f_1.f9479253d504452364176a1e865708dc.jpeg%2525252525253FodnHeight%2525252525253D450%25252525252526odnWidth%2525252525253D450%25252525252526odnBg%2525252525253DFFFFFF,http://i.ebayimg.com/images/g/pFAAAOSwN2VZQCcL/s-l64.jpg,https://pisces.bbystatic.com/image2/BestBuy_US/images/products/8429/8429343_td.jpg,https://pisces.bbystatic.com/image2/BestBuy_US/images/products/8429/8429343_sa.jpg"
QuickFit 22 Stainless Steel Watch Band (Slate Gray), 149.99, Electronics, 6.40,"https://pisces.bbystatic.com/image2/BestBuy_US/images/products/5855/5855128_rd.jpg,https://static.bhphoto.com/images/smallimages/1484590456000_1310266.jpg,https://static.bhphoto.com/images/images500x500/garmin_010_12496_06_quickfit_22_stainless_steel_1484590456000_1310266.jpg,https://pisces.bbystatic.com/image2/BestBuy_US/images/products/5855/5855128_ra.jpg,https://static.bhphoto.com/images/images500x500/garmin_010_12496_06_quickfit_22mm_watch_band_1484590456000_1310266.jpg"
Sonic Alert Sb300ss Sonic Boom Alarm Clock White, 44.00, Electronics, 1.60,"https://i5.walmartimages.com/asr/d03311f2-c9e4-43c8-b81b-db3174bd9725_1.53f21523ce2ca59eccfc84b3e72a9b1f.jpeg?odnHeight=450&odnWidth=450&odnBg=FFFFFF,https://i5.walmartimages.com/asr/8ff9b51f-fc93-4634-b1a5-df4e87c6d1ea_1.894ee6d4bc4a8293b9d6a8e3172ab72d.jpeg?odnHeight=450&odnWidth=450&odnBg=FFFFFF,https://pisces.bbystatic.com/image2/BestBuy_US/images/products/4883/4883592_sa.jpg,http://i.ebayimg.com/thumbs/images/g/2IkAAOSwsXVZY-5z/s-l96.jpg,http://i.ebayimg.com/thumbs/images/g/nakAAOSw4CFY5U9M/s-l96.jpg,http://i.ebayimg.com/thumbs/images/g/rwIAAOSwHMJYM1UQ/s-l96.jpg,http://i.ebayimg.com/thumbs/images/g/De8AAOSwd3dZaL9N/s-l96.jpg,http://i.ebayimg.com/thumbs/images/g/gpYAAOSwidlZY-5u/s-l96.jpg,https://i.ebayimg.com/images/g/xXUAAOSwqMFZnKIQ/s-l300.jpg,http://i.ebayimg.com/images/g/xXUAAOSwqMFZnKIQ/s-l64.jpg,http://i.ebayimg.com/images/g/ioYAAOSwXf9ZnKIg/s-l64.jpg,http://i.ebayimg.com/images/g/r~wAAOSwNgdZnKIs/s-l64.jpg,http://i.ebayimg.com/images/g/3yMAAOSwR55ZnKI2/s-l64.jpg,http://i.ebayimg.com/images/g/nOcAAOSw7cxZnKI-/s-l64.jpg,http://i.ebayimg.com/images/g/mycAAOSwHsBZnKJJ/s-l64.jpg,http://i.ebayimg.com/images/g/9HEAAOSwIxxZnKJW/s-l64.jpg,http://i.ebayimg.com/thumbs/images/g/XvAAAOSw-0xYSvOe/s-l96.jpg,http://i.ebayimg.com/thumbs/images/g/kVQAAOSwhkRWcyhM/s-l96.jpg,http://i.ebayimg.com/thumbs/images/g/vYsAAOSw44BYEi3Z/s-l96.jpg,http://i.ebayimg.com/thumbs/images/g/cc0AAOSw3J5ZeRkk/s-l96.jpg,http://i.ebayimg.com/thumbs/images/g/N4kAAOSwcB5ZGSWK/s-l96.jpg,https://images-na.ssl-images-amazon.com/images/I/41VDGVWGKVL.jpg,https://www.barcodable.com/images/barcode/0885341477939.png,http://pisces.bbystatic.com/image2/BestBuy_US/images/products/4883/4883592_sa.jpg,http://pisces.bbystatic.com/image2/BestBuy_US/images/products/4883/4883592_sa.jpg;canvasHeight=70;canvasWidth=105"
Braven BRV-BLADE Wireless Portable Bluetooth Speaker [22 Hour Playtime][Waterproof] 4000 mAh Power Bank Charger - Black, 139.99, Electronics, 4.20,"https://i5.walmartimages.com/asr/87c24434-8ad0-4a6f-8049-04feec230bfb_1.c1babe1afa03cf0b6127fbfb4dbec7c8.jpeg?odnHeight=450&odnWidth=450&odnBg=FFFFFF,https://i5.walmartimages.com/asr/c5462f1c-6dfe-4c57-8326-62679061b385_1.8b2cf61e36b7170e55c05f1645896919.jpeg?odnHeight=450&odnWidth=450&odnBg=FFFFFF,https://images-na.ssl-images-amazon.com/images/I/41DuDcmWVSL._SL1000_.jpg,https://images-na.ssl-images-amazon.com/images/I/61%2BreixP-9L._SL1000_.jpg,http://pisces.bbystatic.com/image2/BestBuy_US/images/products/5055/5055102_sd.jpg,https://images-na.ssl-images-amazon.com/images/I/41Pd5eNSx5L._SL1000_.jpg,https://images-na.ssl-images-amazon.com/images/I/61vQe7hNtLL._SL1000_.jpg,https://images-na.ssl-images-amazon.com/images/I/41ZXMCIMd-L._SL1000_.jpg,https://i5.walmartimages.com/asr/1f51b65c-d2a0-4da8-b376-2d2a44db3171_1.a11abd6b431d9a0d4328b596affa9f5c.jpeg?odnHeight=450&odnWidth=450&odnBg=FFFFFF,https://i5.walmartimages.com/asr/7e186c25-4e13-4ae3-8c48-49183bab2843_1.81eea535635ffcb8bd2c8a3880ecedf8.jpeg?odnHeight=450&odnWidth=450&odnBg=FFFFFF,https://i5.walmartimages.com/asr/a61da3ce-5e9d-4c4a-bdb5-3a3c8fdfedd9_1.a4db647c4e7cf48fbb79202a3f505178.jpeg?odnHeight=450&odnWidth=450&odnBg=FFFFFF,https://images-na.ssl-images-amazon.com/images/I/413YRFAcxqL._SL1000_.jpg,https://images-na.ssl-images-amazon.com/images/I/512EE3eE9ML._SL1000_.jpg,https://images-na.ssl-images-amazon.com/images/I/5189nSp1RxL._SL1000_.jpg,https://images-na.ssl-images-amazon.com/images/I/51XchFVh9JL._SL1000_.jpg,http://pisces.bbystatic.com/image2/BestBuy_US/images/products/5055/5055102_sa.jpg,https://images-na.ssl-images-amazon.com/images/I/41M-Irf8gYL._SL1000_.jpg,https://i5.walmartimages.com/asr/8f6a1058-4759-4e8b-b1a1-38415268e704_1.772d48ab986e689760075dbebdd36029.jpeg?odnHeight=450&odnWidth=450&odnBg=FFFFFF"
Powerstation Plus Mini 4000mAh Battery Pack (Gold), 39.95, Electronics, 3.90,"https://static.bhphoto.com/images/itemImgPlaceholder.jpg,https://static.bhphoto.com/images/images500x500/mophie_3542_powerstation_plus_mini_1475251532000_1286424.jpg,https://images-na.ssl-images-amazon.com/images/I/61rosymdi6L._SL1500_.jpg,https://images-na.ssl-images-amazon.com/images/I/610JZQrUoAL._SL1500_.jpg,https://images-na.ssl-images-amazon.com/images/I/61DyqSHu2qL._SL1500_.jpg,https://images-na.ssl-images-amazon.com/images/I/61%2B9O2a83IL._SL1500_.jpg,https://images-na.ssl-images-amazon.com/images/I/61C0FHW3B9L._SL1500_.jpg,https://images-na.ssl-images-amazon.com/images/I/61DzREn5CcL._SL1500_.jpg,https://images-na.ssl-images-amazon.com/images/I/61W4-5Sg4tL._SL1500_.jpg,https://images-na.ssl-images-amazon.com/images/I/61py7Rry6PL._SL1500_.jpg,https://i5.walmartimages.com/asr/11a7ff7e-95fe-4805-836b-152223d9d69f_1.7c9963c96d1014989849d92b8c3fe7b4.jpeg?odnHeight=450&odnWidth=450&odnBg=FFFFFF,https://i5.walmartimages.com/asr/e1b9c2c7-761c-4ddb-9134-a0d0f13258f2_1.adf366a95214c749d60f960abf237f4a.jpeg?odnHeight=450&odnWidth=450&odnBg=FFFFFF,https://i5.walmartimages.com/asr/0f0708c7-908a-4fb2-84af-812a06e3ae70_1.675488df7ed48031f439db0607413609.jpeg?odnHeight=450&odnWidth=450&odnBg=FFFFFF,https://i5.walmartimages.com/asr/367fd273-84a9-42e6-bf95-f4c031962293_1.4a6d1208e425466e1288223a15724cef.jpeg?odnHeight=450&odnWidth=450&odnBg=FFFFFF,https://i5.walmartimages.com/asr/b3efbe04-1f9c-4edc-9305-90dc3f9ef2bb_1.4d2608ca47b6d6b3ace3a748607450ea.jpeg?odnHeight=450&odnWidth=450&odnBg=FFFFFF,https://i5.walmartimages.com/asr/636b2793-a09d-4ca5-99a9-9ef48c9815ae_1.bb548f8b30244abad459a79d2c6f5625.jpeg?odnHeight=450&odnWidth=450&odnBg=FFFFFF,https://pisces.bbystatic.com/image2/BestBuy_US/images/products/5730/5730702_sa.jpg,https://pisces.bbystatic.com/image2/BestBuy_US/images/products/5730/5730702_sd.jpg,http://images.frys.com/art/product/box_shots/9002077.box.GIF"
Power Acoustik - MOFO 15.50 1700 W Woofer - Royal Blue, 145.25, Electronics, 31.90,"https://i5.walmartimages.com/asr/c2525a24-e58e-47b4-82af-df6d96ab5e9b_1.2d7c03ce16bd752e561d9541d96c4cdf.jpeg?odnHeight=450&odnWidth=450&odnBg=FFFFFF,https://i5.walmartimages.com/asr/75f04791-8bde-4c5b-bbee-837bc0894530_1.d634fd125edc2dc0bb2aa9a68d9bc197.jpeg?odnHeight=450&odnWidth=450&odnBg=FFFFFF,https://i5.walmartimages.com/asr/a817b0ff-6c2d-4966-89be-167019c14a08_1.491bfe95157525bb6fc5af0e5104f50b.jpeg?odnHeight=450&odnWidth=450&odnBg=FFFFFF,https://i5.walmartimages.com/asr/2cb62354-e9e2-4870-86ad-e000776ee273_1.7b64b22bd147b5583c57fdacce6c8a70.jpeg?odnHeight=450&odnWidth=450&odnBg=FFFFFF,https://pisces.bbystatic.com/image2/BestBuy_US/images/products/3928/3928836_sa.jpg,http://pisces.bbystatic.com/image2/BestBuy_US/images/products/3928/3928836_sa.jpg,http://pisces.bbystatic.com/image2/BestBuy_US/images/products/3928/3928836_sa.jpg;canvasHeight=105;canvasWidth=105"
Spartan - 3-Target 24x DVD/CD Duplicator - Black, 464.99, Electronics, 30.00,"https://pisces.bbystatic.com/image2/BestBuy_US/images/products/2438/2438034_sa.jpg,https://i5.walmartimages.com/asr/2fb573aa-514d-4977-b82b-85ab9ff90f2c_1.bde2e63de28fd572f11350dbbd06ff73.jpeg%253FodnHeight%253D450%2526odnWidth%253D450%2526odnBg%253DFFFFFF,https://i5.walmartimages.com/asr/0d8e47fc-8b6f-4f87-a144-b615594b5a8a_1.7b54bc781c538a0a6dd44c419480837e.jpeg%253FodnHeight%253D450%2526odnWidth%253D450%2526odnBg%253DFFFFFF,http://pisces.bbystatic.com/image2/BestBuy_US/images/products/2438/2438034_sa.jpg,http://pisces.bbystatic.com/image2/BestBuy_US/images/products/2438/2438034_sa.jpg%253BcanvasHeight%253D94%253BcanvasWidth%253D105"
Sennheiser - HD 599 Over-the-Ear Headphones HD 5 - Brown/ivory/matte metallic, 224.95, Electronics, 1.59,"https://pisces.bbystatic.com/image2/BestBuy_US/images/products/5701/5701600cv11d.jpg,https://images-na.ssl-images-amazon.com/images/I/618kWhu9dmL._SL1500_.jpg,https://pisces.bbystatic.com/image2/BestBuy_US/images/products/5701/5701600_sa.jpg,https://static.bhphoto.com/images/images500x500/sennheiser_hd_599_open_around_ear_1473884511000_1280823.jpg,https://images-na.ssl-images-amazon.com/images/I/81K4cwYQ9AL._SL1500_.jpg,https://images-na.ssl-images-amazon.com/images/I/71YSEWvkDIL._SL1000_.jpg,https://images-na.ssl-images-amazon.com/images/I/81aWbnOFRnL._SL1500_.jpg,http://pisces.bbystatic.com/image2/BestBuy_US/images/products/5701/5701600_sa.jpg,https://static.bhphoto.com/images/itemImgPlaceholder.jpg,http://pisces.bbystatic.com/image2/BestBuy_US/images/products/5701/5701600_sd.jpg,https://images-na.ssl-images-amazon.com/images/I/81c6ehqN5cL._SL1500_.jpg,https://i5.walmartimages.com/asr/d8c1a694-f98d-4d83-a6dd-7a82aca9762a_1.4713641baea61f1e25971d080aa447fd.jpeg%253FodnHeight%253D450%2526odnWidth%253D450%2526odnBg%253DFFFFFF,https://images-na.ssl-images-amazon.com/images/I/6189rJqsVHL._SL1500_.jpg,https://images-na.ssl-images-amazon.com/images/I/81A5CtBcioL._SL1500_.jpg,https://pisces.bbystatic.com/image2/BestBuy_US/images/products/5701/5701600_rd.jpg,https://images-na.ssl-images-amazon.com/images/I/71CokGZvymL._SL1000_.jpg,https://images-na.ssl-images-amazon.com/images/I/716HTGlbYEL._SL1000_.jpg,https://pisces.bbystatic.com/image2/BestBuy_US/images/products/5701/5701600_sd.jpg,https://images-na.ssl-images-amazon.com/images/I/71clv5T8CWL._SL1312_.jpg,https://i5.walmartimages.com/asr/c4c7a2fa-cba8-4bdb-af08-bb9ccb9ee43e_1.256343e594cbabdaddb83d015409012e.jpeg%253FodnHeight%253D450%2526odnWidth%253D450%2526odnBg%253DFFFFFF,https://images-na.ssl-images-amazon.com/images/I/61zw9092p%25252BL._SL1000_.jpg,https://images-na.ssl-images-amazon.com/images/I/61rC-yMhtZL._SL1000_.jpg,https://pisces.bbystatic.com/image2/BestBuy_US/images/products/5701/5701600ld.jpg,https://images-na.ssl-images-amazon.com/images/I/81z3FNYm6QL._SL1500_.jpg"
CORSAIR - VENGEANCE LPX Series 32GB (2PK 16GB) 2.133GHz DDR4 Desktop Memory - Black, 253.98, Electronics, 3.40,"https://pisces.bbystatic.com/image2/BestBuy_US/images/products/5822/5822464cv14d.jpg,http://i.ebayimg.com/images/g/7kYAAOSwhkRWfVPB/s-l300.jpg,https://pisces.bbystatic.com/image2/BestBuy_US/images/products/5822/5822464cv11d.jpg,http://i.ebayimg.com/00/z/SiIAAOSwxH1UB4r2/%2524_10.png,http://i.ebayimg.com/images/g/Q9UAAOSwUdlWfqVH/s-l64.jpg,http://i.ebayimg.com/images/g/VakAAOSwNyFWfVO7/s-l64.jpg,https://pisces.bbystatic.com/image2/BestBuy_US/images/products/5822/5822464cv13d.jpg,https://pisces.bbystatic.com/image2/BestBuy_US/images/products/5822/5822464_sa.jpg,https://pisces.bbystatic.com/image2/BestBuy_US/exc/videometadata/thumbnail/92a7462b194149c794ce5855ee93ea1f.jpg,https://i5.walmartimages.com/asr/edb0e330-94e9-40da-920f-8d8846f7faf0_1.589e9f1c45340a722267c96088c8a00a.jpeg%253FodnHeight%253D450%2526odnWidth%253D450%2526odnBg%253DFFFFFF,http://i.ebayimg.com/images/g/7kYAAOSwhkRWfVPB/s-l64.jpg,https://pisces.bbystatic.com/image2/BestBuy_US/images/products/5822/5822464cv15d.jpg,https://pisces.bbystatic.com/image2/BestBuy_US/images/products/5822/5822464_sd.jpg,https://pisces.bbystatic.com/image2/BestBuy_US/images/products/5822/5822464cv12d.jpg,https://i5.walmartimages.com/asr/a563ec7d-f3f8-458f-9a8d-a23140b558b6_1.d80189f58661957ee15cb738b8a6d042.jpeg%253FodnHeight%253D450%2526odnWidth%253D450%2526odnBg%253DFFFFFF,https://i5.walmartimages.com/asr/5b507587-0bde-4357-b129-e787928495d3_1.3476e9cd4e8aa39bb2917edb93c0335b.jpeg%253FodnHeight%253D450%2526odnWidth%253D450%2526odnBg%253DFFFFFF"
Sennheiser - Digital Headphone Amplifier - Silver, 2199.95, Electronics, 4.90,"https://images-na.ssl-images-amazon.com/images/I/81sRCvYocyL._SL1500_.jpg,https://static.bhphoto.com/images/itemImgPlaceholder.jpg,http://static.bhphoto.com/images/smallimages/1398965729000_1047911.jpg,https://images-na.ssl-images-amazon.com/images/I/41hIq30gMyL.jpg,https://pisces.bbystatic.com/image2/BestBuy_US/images/products/8862/8862206_ra.jpg,https://pisces.bbystatic.com/image2/BestBuy_US/images/products/8862/8862206cv1a.jpg,https://www.barcodable.com/images/barcode/0615104229716.png,http://pisces.bbystatic.com/image2/BestBuy_US/images/products/8862/8862206_ra.jpg,http://static.bhphoto.com/images/multiple_images/thumbnails/1398965442000_IMG_388907.jpg,http://static.bhphoto.com/images/images500x500/sennheiser_hdvd800_hdvd_800_headphone_amplifier_1398965729000_1047911.jpg,https://images-na.ssl-images-amazon.com/images/I/81ELNCp4wRL._SL1500_.jpg,https://pisces.bbystatic.com/image2/BestBuy_US/images/products/8862/8862206cv2a.jpg,https://static.bhphoto.com/images/images500x500/sennheiser_hdvd800_hdvd_800_headphone_amplifier_1398965729000_1047911.jpg,https://pisces.bbystatic.com/image2/BestBuy_US/images/products/8862/8862206cv3a.jpg,http://static.bhphoto.com/images/multiple_images/thumbnails/1398965442000_IMG_388906.jpg"
M-Audio - Over-the-Ear Headphones - Black, 184.00, Electronics, 0.56,"https://i5.walmartimages.com/asr/e983672f-99d7-48bd-8214-8408a004456f_1.646a8dd09ffe5139143c72dbbf5cdafd.jpeg%253FodnHeight%253D450%2526odnWidth%253D450%2526odnBg%253DFFFFFF,https://i5.walmartimages.com/asr/121ba03b-63a1-4929-b866-ca1480e3031f_1.f0917f02d7faa4fc9e9def1276317012.jpeg%253FodnHeight%253D450%2526odnWidth%253D450%2526odnBg%253DFFFFFF,https://i5.walmartimages.com/asr/b53a89e0-74a7-4259-9fa2-a28f47b970a2_1.07ece4f7d28fc177f429c0d87cb8be8b.jpeg%253FodnHeight%253D450%2526odnWidth%253D450%2526odnBg%253DFFFFFF,https://images-na.ssl-images-amazon.com/images/I/61fkGJQmbpL._SL1200_.jpg,https://i5.walmartimages.com/asr/a79ce831-ec83-4753-a69d-009ff6f3ba8c_1.1ea95159d33d16c17738a9f26231ab94.jpeg%253FodnHeight%253D450%2526odnWidth%253D450%2526odnBg%253DFFFFFF,https://images-na.ssl-images-amazon.com/images/I/616oJNKGRDL._SL1200_.jpg,http://i.ebayimg.com/thumbs/images/g/pq0AAOSwHwpZbyji/s-l96.jpg,http://i.ebayimg.com/thumbs/images/g/DpwAAOSwWnFWAWs1/s-l96.jpg,http://i.ebayimg.com/thumbs/images/g/ZrYAAOSwNSxU7MSX/s-l96.jpg,https://pisces.bbystatic.com/image2/BestBuy_US/images/products/9167/9167022_sd.jpg,http://i.ebayimg.com/thumbs/images/g/eAwAAOSwvv9ZgFQS/s-l96.jpg,http://i.ebayimg.com/images/g/sjAAAOSwCJRZjGn2/s-l64.jpg,http://i.ebayimg.com/thumbs/images/g/7SMAAOSwEFNZm2op/s-l96.jpg,http://i.ebayimg.com/thumbs/images/g/IZUAAOSwEAtZZVi~/s-l96.jpg,http://i.ebayimg.com/thumbs/images/g/VzYAAOSwWWxZAJeR/s-l96.jpg,http://i.ebayimg.com/images/g/xRAAAOSwqBdZjGn3/s-l64.jpg,http://i.ebayimg.com/images/g/xSoAAOSwqBdZjGn6/s-l64.jpg,https://i5.walmartimages.com/asr/635595c3-ec2d-40be-a66d-18eedfb55860_1.d1d7d7b0832406987c1cd5b6102d776e.jpeg%253FodnHeight%253D450%2526odnWidth%253D450%2526odnBg%253DFFFFFF,http://i.ebayimg.com/images/g/s0AAAOSwaBNZjGn4/s-l64.jpg,https://images-na.ssl-images-amazon.com/images/I/51U40-5VnzL._SL1500_.jpg,http://i.ebayimg.com/00/z/mtEAAOSwMKpUaWFY/%2524_10.png,https://i5.walmartimages.com/asr/8e43a2e6-a143-4943-a638-cdbb877c7e06_1.a5386f21e1e75c9e2fcece5ebafe644b.jpeg%253FodnHeight%253D450%2526odnWidth%253D450%2526odnBg%253DFFFFFF,https://images-na.ssl-images-amazon.com/images/I/61IgfXSPoWL._SL1500_.jpg,http://i.ebayimg.com/images/g/6zUAAOSw~xFZjGn1/s-l64.jpg,https://i5.walmartimages.com/asr/68305bef-f658-4996-90a7-dde063e95f9f_1.858339aacfbf14ccf3f6f897c9f728e1.jpeg%253FodnHeight%253D450%2526odnWidth%253D450%2526odnBg%253DFFFFFF,http://i.ebayimg.com/thumbs/images/g/WSkAAOSwXGtZpTNy/s-l96.jpg,https://i5.walmartimages.com/asr/e338ac6f-d84c-4bb8-8eb1-6583996cd00d_1.c2dac21fcc297605397b0b9b4d857988.jpeg%253FodnHeight%253D450%2526odnWidth%253D450%2526odnBg%253DFFFFFF,http://i.ebayimg.com/thumbs/images/g/pyoAAOSww5NZB0fo/s-l96.jpg,http://i.ebayimg.com/thumbs/images/g/9lUAAOSwo-NZrsML/s-l96.jpg,http://i.ebayimg.com/images/g/MQQAAOSwruhZjGn6/s-l64.jpg,https://i5.walmartimages.com/asr/9085c901-7523-4faa-9426-009eac8defb8_1.535da4acfaad9327cbb9e4c0ebabbd06.jpeg%253FodnHeight%253D450%2526odnWidth%253D450%2526odnBg%253DFFFFFF,https://i5.walmartimages.com/asr/e308983e-d529-4571-9793-25e8f279d08d_1.6ae282a07787da24340235a3e68df183.jpeg%253FodnHeight%253D450%2526odnWidth%253D450%2526odnBg%253DFFFFFF,http://i.ebayimg.com/thumbs/images/g/lZQAAOSwz71ZWB2S/s-l96.jpg,https://pisces.bbystatic.com/image2/BestBuy_US/images/products/9167/9167022_sa.jpg,http://i.ebayimg.com/thumbs/images/g/MKwAAOSw3mpXJ7qz/s-l96.jpg,https://i.ebayimg.com/images/g/6zUAAOSw~xFZjGn1/s-l300.jpg"
10TB G-DRIVE with Thunderbolt, 699.99, Electronics, 2.98,"https://pisces.bbystatic.com/image2/BestBuy_US/images/products/5657/5657959cv12a.jpg,https://static.bhphoto.com/images/multiple_images/thumbnails/1465237827000_IMG_639645.jpg,https://pisces.bbystatic.com/image2/BestBuy_US/images/products/5657/5657959_sa.jpg,https://static.bhphoto.com/images/smallimages/1465238136000_1257958.jpg,https://static.bhphoto.com/images/itemImgPlaceholder.jpg,http://pisces.bbystatic.com/image2/BestBuy_US/images/products/5657/5657959_sd.jpg,http://webobjects2.cdw.com/is/image/CDW/4302087,http://pisces.bbystatic.com/image2/BestBuy_US/images/products/5657/5657959_sa.jpg,https://static.bhphoto.com/images/images500x500/g_technology_0g05024_10tb_g_drive_with_thunderbolt_1465238136000_1257958.jpg,https://pisces.bbystatic.com/image2/BestBuy_US/images/products/5657/5657959cv11d.jpg,https://static.bhphoto.com/images/multiple_images/thumbnails/1465237827000_IMG_639644.jpg,https://static.bhphoto.com/images/multiple_images/thumbnails/1465237827000_IMG_639646.jpg,https://pisces.bbystatic.com/image2/BestBuy_US/images/products/5657/5657959_sd.jpg,https://pisces.bbystatic.com/image2/BestBuy_US/images/products/5657/5657959cv13a.jpg"
DNA 15 Slim Messenger Bag (Cobalt), 159.95, Electronics, 2.90,"https://static.bhphoto.com/images/multiple_images/thumbnails/1469720837000_IMG_661803.jpg,https://static.bhphoto.com/images/itemImgPlaceholder.jpg,https://static.bhphoto.com/images/multiple_images/thumbnails/1469720880000_IMG_661799.jpg,https://static.bhphoto.com/images/multiple_images/thumbnails/1469720754000_IMG_661806.jpg,https://static.bhphoto.com/images/multiple_images/thumbnails/1469720837000_IMG_661800.jpg,https://pisces.bbystatic.com/image2/BestBuy_US/images/products/5706/5706549_rd.jpg,http://pisces.bbystatic.com/image2/BestBuy_US/images/products/5706/5706549_rd.jpg,https://static.bhphoto.com/images/multiple_images/thumbnails/1469720837000_IMG_661802.jpg,https://static.bhphoto.com/images/images500x500/tenba_638_483_dna_15_slim_nbsp_messenger_bag_1469720762000_1269578.jpg,http://pisces.bbystatic.com/image2/BestBuy_US/images/products/5706/5706549_ra.jpg,https://pisces.bbystatic.com/image2/BestBuy_US/images/products/5706/5706549_ra.jpg,https://static.bhphoto.com/images/multiple_images/thumbnails/1469720880000_IMG_661798.jpg,https://static.bhphoto.com/images/smallimages/1469720762000_1269578.jpg,https://static.bhphoto.com/images/multiple_images/thumbnails/1469720837000_IMG_661801.jpg"
Apple - iPad mini 4 Wi-Fi + Cellular 128GB - Sprint - Silver, 509.00, Electronics, 10.72,"https://pisces.bbystatic.com/image2/BestBuy_US/images/products/5577/5577420_rd.jpg,http://i.ebayimg.com/images/g/BCcAAOSwz71ZR~m3/s-l64.jpg,http://i.ebayimg.com/images/g/KNwAAOSwXY5ZR~m3/s-l64.jpg,http://i.ebayimg.com/images/g/8sAAAOSw~rpZR~m3/s-l64.jpg,http://i.ebayimg.com/images/g/5-AAAOSwq~tZR~m3/s-l64.jpg,https://static.bhphoto.com/images/images500x500/apple_mk8e2ll_a_128gb_ipad_mini_4_1442427873000_1185472.jpg,http://pisces.bbystatic.com/image2/BestBuy_US/images/products/5577/5577420_sa.jpg,https://pisces.bbystatic.com/image2/BestBuy_US/images/products/5577/5577420_sa.jpg,http://i.ebayimg.com/images/g/s1gAAOSwstJZR~m3/s-l64.jpg,http://i.ebayimg.com/images/g/ikcAAOSwPWRZR~m3/s-l64.jpg,https://pisces.bbystatic.com/image2/BestBuy_US/images/products/5577/5577420cv12d.jpg,https://pisces.bbystatic.com/image2/BestBuy_US/images/products/5577/5577420cv19d.jpg,https://i.ebayimg.com/images/g/KNwAAOSwXY5ZR~m3/s-l300.jpg,http://pisces.bbystatic.com/image2/BestBuy_US/images/products/5577/5577420_sd.jpg,http://i.ebayimg.com/images/g/Mf8AAOSwjk9ZR~m3/s-l64.jpg,http://i.ebayimg.com/images/g/tE0AAOSw3YJZR~m3/s-l64.jpg,https://static.bhphoto.com/images/itemImgPlaceholder.jpg,https://pisces.bbystatic.com/image2/BestBuy_US/images/products/5577/5577420cv11d.jpg,http://i.ebayimg.com/images/g/p8gAAOSw~e5ZR~m3/s-l64.jpg,http://pisces.bbystatic.com/image2/BestBuy_US/images/products/4264/4264001_sa.jpg%3BcanvasHeight%3D150%3BcanvasWidth%3D105,http://webobjects2.cdw.com/is/image/CDW/3830642,http://i.ebayimg.com/images/g/QXwAAOSw1BlZR~m3/s-l64.jpg,http://i.ebayimg.com/images/g/d8YAAOSwvjdZR~m3/s-l64.jpg,http://i.ebayimg.com/images/g/EzkAAOSwCkZZR~m3/s-l64.jpg,http://i.ebayimg.com/00/s/NTE2WDM1Nw==/z/KNwAAOSwXY5ZR~m3/%24_10.JPG%3Fset_id%3D880000500F,https://pisces.bbystatic.com/image2/BestBuy_US/images/products/5577/5577420_sd.jpg"
Onkyo - Dual 6-1/4 2-Way Floor Speakers (Pair) - Black, 299.99, Electronics, 28.70,"http://pisces.bbystatic.com/image2/BestBuy_US/images/products/2673/2673523_sa.jpg,https://images-na.ssl-images-amazon.com/images/I/41gReRWhjQL.jpg,https://www.barcodable.com/images/barcode/0751398011573.png,http://ecx.images-amazon.com/images/I/41gReRWhjQL._SY300_QL70_.jpg,http://pisces.bbystatic.com/image2/BestBuy_US/images/products/2673/2673523_sa.jpg%25253BcanvasHeight%25253D150%25253BcanvasWidth%25253D105,https://www.upccodesearch.com/images/barcode/0751398011573.png,http://c.shld.net/rpx/i/s/pi/mp/29152/prod_9919652021%25253Fsrc%25253Dhttp%2525253A%2525252F%2525252Fi1.wp.com%2525252F220hifiaudio.com%2525252Fwp-content%2525252Fuploads%2525252F2016%2525252F01%2525252FOnkyo-SKF-4800-2-Way-Bass-Reflex-Floor-standing-Speakers-Pair-0.jpg%2525253Fresize%2525253D351%252525252C500%252526d%25253De395f8b68b489448fda6494444940ea66c28e660,https://pisces.bbystatic.com/image2/BestBuy_US/images/products/2673/2673523cv11a.jpg,http://c.shld.net/rpx/i/s/pi/mp/25416/prod_9658037825%25253Fsrc%25253Dhttp%2525253A%2525252F%2525252Fi1.wp.com%2525252F220hifiaudio.com%2525252Fwp-content%2525252Fuploads%2525252F2016%2525252F01%2525252FOnkyo-SKF-4800-2-Way-Bass-Reflex-Floor-standing-Speakers-Pair-0.jpg%2525253Fresize%2525253D351%252525252C500%252526d%25253D505085066a4fef2844f0a1a46add2f4be6cc346f,http://ecx.images-amazon.com/images/I/41gReRWhjQL._SS40_.jpg,https://pisces.bbystatic.com/image2/BestBuy_US/images/products/2673/2673523_sa.jpg,http://c.shld.net/rpx/i/s/pi/mp/34435/prod_6924304817%25253Fsrc%25253Dhttp%2525253A%2525252F%2525252Fecx.images-amazon.com%2525252Fimages%2525252FI%2525252F41gReRWhjQL._SY300_.jpg%252526d%25253De569c793bb1168719b9a56fccef248674a778886,https://i5.walmartimages.com/asr/844bd12d-1180-4622-af0a-3bce89981b45_1.aca475245396818ff0bded450c0f3604.jpeg%25253FodnHeight%25253D450%252526odnWidth%25253D450%252526odnBg%25253DFFFFFF"
Panasonic - Lumix G85 Mirrorless Camera with 12-60mm Lens - Black, 999.99, Electronics, 1.58,"https://images-na.ssl-images-amazon.com/images/I/71U-LzQkkrL._SL1500_.jpg,https://images-na.ssl-images-amazon.com/images/I/81G0LDC-geL._SL1500_.jpg,https://static.bhphoto.com/images/images500x500/panasonic_lumix_dmc_g85_mirrorless_micro_1516224956000_1333061.jpg,https://i5.walmartimages.com/asr/120b8170-9de6-4af6-adf0-8d8968707225_1.755616a46c0186634c1bf08989b24ac8.jpeg%25253FodnHeight%25253D450%252526odnWidth%25253D450%252526odnBg%25253DFFFFFF,https://www.barcodable.com/images/barcode/0885170294646.png,https://static.bhphoto.com/images/smallimages/0_801627211.jpg,https://i5.walmartimages.com/asr/c3cdf6c8-c98a-4a00-b05f-a326e0151c96_1.db0ad87b6b9d17359467c83fecef806f.jpeg%25253FodnHeight%25253D450%252526odnWidth%25253D450%252526odnBg%25253DFFFFFF,https://i5.walmartimages.com/asr/85923c5a-5d52-49ad-8694-46f33e007573_1.62a3cbda7f4ba018146274f4d35e556e.jpeg%25253FodnHeight%25253D450%252526odnWidth%25253D450%252526odnBg%25253DFFFFFF,http://pisces.bbystatic.com/image2/BestBuy_US/images/products/5632/5632300_sa.jpg,https://pisces.bbystatic.com/image2/BestBuy_US/images/products/5632/5632300cv11d.jpg,https://static.bhphoto.com/images/en/na500x500.jpg,https://pisces.bbystatic.com/image2/BestBuy_US/images/products/5632/5632300_sd.jpg,https://pisces.bbystatic.com/image2/BestBuy_US/images/products/5632/5632300ld.jpg,https://static.bhphoto.com/images/images500x500/panasonic_dmc_gm85mk_lumix_dmc_g85_mirrorless_micro_1474283163000_1280824.jpg,https://static.bhphoto.com/images/images500x500/panasonic_lumix_dmc_g85_mirrorless_micro_1515432095000_1333061.jpg,https://images-na.ssl-images-amazon.com/images/I/71zp%2525252BIgvdPL._SL1500_.jpg,https://static.bhphoto.com/images/itemImgPlaceholder.jpg,https://images-na.ssl-images-amazon.com/images/I/41Nx4MqSvrL.jpg,https://static.bhphoto.com/images/images500x500/panasonic_lumix_dmc_g85_mirrorless_micro_1511883392000_1333061.jpg,https://pisces.bbystatic.com/image2/BestBuy_US/images/products/5632/5632300_sa.jpg,https://images-na.ssl-images-amazon.com/images/I/81voBTy2i9L._SL1500_.jpg,https://static.bhphoto.com/images/images500x500/panasonic_dmc_g85mk_lumix_dmc_g85_mirrorless_micro_1474283163000_1280824.jpg,https://images-na.ssl-images-amazon.com/images/I/81DkO85pwKL._SL1500_.jpg,https://pisces.bbystatic.com/image2/BestBuy_US/images/products/5632/5632300cv12d.jpg,https://images-na.ssl-images-amazon.com/images/I/71Y3TUoJoFL._SL1500_.jpg,http://pisces.bbystatic.com/image2/BestBuy_US/images/products/5632/5632300_sd.jpg,https://static.bhphoto.com/images/images500x500/panasonic_lumix_dmc_g85_mirrorless_micro_1520684713000_1333061.jpg,https://i5.walmartimages.com/asr/474d912c-8589-493c-8cd4-a324727c25a4_1.5539df3f5a74f975f38a075f53a18ae9.jpeg%25253FodnHeight%25253D450%252526odnWidth%25253D450%252526odnBg%25253DFFFFFF,https://i5.walmartimages.com/asr/d72ce05b-aa74-4f6d-bde2-9996706a8259_1.4abcdabb8a45cd367120b060391168e9.jpeg%25253FodnHeight%25253D450%252526odnWidth%25253D450%252526odnBg%25253DFFFFFF,https://images-na.ssl-images-amazon.com/images/I/81yl2fEJOGL._SL1500_.jpg,https://static.bhphoto.com/images/smallimages/0_801555746.jpg"
Samsung Galaxy Tab S3 Keyboard Cover, 130.00, Electronics, 7.70,"https://images-na.ssl-images-amazon.com/images/I/81WNTXlQEyL._SL1500_.jpg,https://pisces.bbystatic.com/image2/BestBuy_US/images/products/5754/5754701_sd.jpg,https://i5.walmartimages.com/asr/fd2bd7a3-45c6-422a-8672-9e847b085440_1.696d4f3e744560d3090500a4632c89e0.jpeg%2525253FodnHeight%2525253D450%25252526odnWidth%2525253D450%25252526odnBg%2525253DFFFFFF,http://i.ebayimg.com/images/g/NzIAAOSwhQhY5rrt/s-l64.jpg,http://i.ebayimg.com/images/g/VPYAAOSw9fNZg0IM/s-l64.jpg,https://i.ebayimg.com/images/g/NzIAAOSwhQhY5rrt/s-l300.jpg,http://i.ebayimg.com/thumbs/images/g/~QAAAOSwWJ5Zg0H8/s-l96.jpg,http://i.ebayimg.com/thumbs/images/g/Y1UAAOSw9OFZOISv/s-l96.jpg,http://i.ebayimg.com/images/g/TWQAAOSw03lY5rrq/s-l64.jpg,http://i.ebayimg.com/images/g/Gn0AAOSwr7tZg0IE/s-l64.jpg,http://i.ebayimg.com/images/g/RLcAAOSwLIhZg0IH/s-l64.jpg,https://static.bhphoto.com/images/en/na500x500.jpg,http://i.ebayimg.com/images/g/pVcAAOSwp1RZg0IJ/s-l64.jpg,http://i.ebayimg.com/images/g/tqwAAOSwU1RZg0Ig/s-l64.jpg,https://pisces.bbystatic.com/image2/BestBuy_US/images/products/5754/5754701cv11d.jpg,http://i.ebayimg.com/thumbs/images/g/UXoAAOSwcj5ZXIN-/s-l96.jpg,https://images-na.ssl-images-amazon.com/images/I/91t6rPzGN%252525252BL._SL1500_.jpg,https://images-na.ssl-images-amazon.com/images/I/61DsNxgZUKL._SL1440_.jpg,https://static.bhphoto.com/images/itemImgPlaceholder.jpg,http://i.ebayimg.com/thumbs/images/g/uqEAAOSwAAVZbbYI/s-l96.jpg,http://i.ebayimg.com/thumbs/images/g/NzIAAOSwhQhY5rrt/s-l96.jpg,https://pisces.bbystatic.com/image2/BestBuy_US/images/products/5754/5754701_sa.jpg,https://images-na.ssl-images-amazon.com/images/I/91AEHF6FzGL._SL1500_.jpg,https://static.bhphoto.com/images/images500x500/samsung_ej_ft820useguj_tab_s3_keyboard_cover_1489722697000_1316052.jpg,http://pisces.bbystatic.com/image2/BestBuy_US/images/products/5754/5754701_sd.jpg,http://i.ebayimg.com/images/g/gusAAOSwTQhZg0IP/s-l64.jpg,https://i5.walmartimages.com/asr/85db6846-9bec-47e0-944b-8ec5dac9776d_1.3b80f72dfd180d5ebbc074759efff9f5.jpeg%2525253FodnHeight%2525253D450%25252526odnWidth%2525253D450%25252526odnBg%2525253DFFFFFF,https://i5.walmartimages.com/asr/f8d8e1b5-d666-492f-8cfe-57a38c154238_1.34929b16c2c1077aadbda8e85bbdb202.jpeg%2525253FodnHeight%2525253D450%25252526odnWidth%2525253D450%25252526odnBg%2525253DFFFFFF,http://i.ebayimg.com/thumbs/images/g/KIwAAOSwwPhWhITR/s-l96.jpg,http://i.ebayimg.com/images/g/xGIAAOSwmVBZg0Im/s-l64.jpg,http://i.ebayimg.com/thumbs/images/g/PaEAAOSw4-VZdqCb/s-l96.jpg,http://i.ebayimg.com/images/g/Ov0AAOSwIclZg0J7/s-l64.jpg,http://pisces.bbystatic.com/image2/BestBuy_US/images/products/5754/5754701_sa.jpg,http://i.ebayimg.com/images/g/naMAAOSw7GRZNbb4/s-l64.jpg,https://i.ebayimg.com/images/g/i-sAAOSwX9FZNbbz/s-l300.jpg,http://i.ebayimg.com/images/g/~QAAAOSwWJ5Zg0H8/s-l64.jpg,http://i.ebayimg.com/images/g/gkQAAOSwzMtZg0Ik/s-l64.jpg,http://i.ebayimg.com/images/g/wmIAAOSwcrFZg0H~/s-l64.jpg,https://static.bhphoto.com/images/smallimages/0_801631928.jpg,https://i.ebayimg.com/images/g/~QAAAOSwWJ5Zg0H8/s-l300.jpg,http://i.ebayimg.com/thumbs/images/g/rXkAAOSwRJxZd6O3/s-l96.jpg,https://images-na.ssl-images-amazon.com/images/I/91TiySHLaeL._SL1500_.jpg,http://i.ebayimg.com/thumbs/images/g/OMcAAOSwOLJZjM3a/s-l96.jpg,http://i.ebayimg.com/thumbs/images/g/HawAAOSwlndZNNL6/s-l96.jpg,https://pisces.bbystatic.com/image2/BestBuy_US/images/products/5754/5754701_rd.jpg,http://i.ebayimg.com/images/g/OFwAAOSwAANY5rrs/s-l64.jpg,http://i.ebayimg.com/thumbs/images/g/wzMAAOSw42dZBJ0y/s-l96.jpg,http://i.ebayimg.com/images/g/QewAAOSwpP9Y5rrr/s-l64.jpg,http://i.ebayimg.com/images/g/dUEAAOSwYyxZg0IB/s-l64.jpg,http://i.ebayimg.com/images/g/i-sAAOSwX9FZNbbz/s-l64.jpg,https://i5.walmartimages.com/asr/a68c58ea-b975-4163-bbd8-8d3b91906f79_1.73d5ad79df4cdc7eff6654b02ec6cf38.jpeg%2525253FodnHeight%2525253D450%25252526odnWidth%2525253D450%25252526odnBg%2525253DFFFFFF,http://i.ebayimg.com/images/g/wugAAOSwIaFZNbb1/s-l64.jpg"
Details About Kenwood Ddx375bt Car Double Din 6.2 Touchscreen Usb Dvd Cd Bluetooth Stereo, 214.99, Electronics, 5.78,"https://pisces.bbystatic.com/image2/BestBuy_US/images/products/5577/5577928_sd.jpg,https://i.ebayimg.com/00/%252524T2eC16hHJI%252521E9qSO-Rq%252529BRYJ%252529FHOSQ%25257E%25257E_10.JPG%25253Fset_11.JPG%25253Fset_id%25253D807,https://images-na.ssl-images-amazon.com/images/I/51cO%25252B14iL6L._SL1000_.jpg,https://i.ebayimg.com/thumbs/images/g/384AAOSwwYpaq4Te/s-l96.jpg,https://i.ebayimg.com/thumbs/images/g/4BYAAOSwgQ9Vic-X/s-l96.jpg,https://i.ebayimg.com/thumbs/images/g/TCgAAOSwZfNaYPTI/s-l200.jpg,https://i5.walmartimages.com/asr/158399bc-1cd7-4b04-872f-80d4dcbd0deb_1.b809fdf5b4044ffc20992d417f41a2bf.jpeg%253FodnHeight%253D450%2526odnWidth%253D450%2526odnBg%253DFFFFFF,https://i.ebayimg.com/00/%2524%2528KGrHqVHJBEE63St-Zc%2528BO5837JFQQ%257E%257E_10.JPG,https://i5.walmartimages.com/asr/8e786ba4-4db7-4107-b5ba-d196f335da78_1.2aa16e2a62e2f7bb3b5e538b94e3c90b.jpeg%253FodnHeight%253D450%2526odnWidth%253D450%2526odnBg%253DFFFFFF,https://i.ebayimg.com/images/g/qW8AAOSwMVdYG4tL/s-l300.jpg,https://images-na.ssl-images-amazon.com/images/I/61OmixsnxoL._SL1000_.jpg,https://i.ebayimg.com/images/g/WVEAAOSw-W9a~fe5/s-l300.jpg,https://pisces.bbystatic.com/image2/BestBuy_US/images/products/5577/5577928_sa.jpg,https://images-na.ssl-images-amazon.com/images/I/51XmwjjooaL._SL1000_.jpg,https://i.ebayimg.com/thumbs/images/g/cZQAAOSwAExZpaKf/s-l96.jpg,https://i.ebayimg.com/thumbs/images/g/gfsAAOSwjytaZnUd/s-l96.jpg,https://images-na.ssl-images-amazon.com/images/I/51J5qgrrhML._SL1000_.jpg,https://i.ebayimg.com/thumbs/images/g/B9IAAOSwj99aDcT3/s-l96.jpg,https://i.ebayimg.com/thumbs/images/g/DQEAAOSw0gFaxRlf/s-l96.jpg,https://i.ebayimg.com/00/%2524T2eC16hHJI%2521E9qSO-Rq%2529BRYJ%2529FHOSQ%257E%257E_10.JPG%253Fset_11.JPG%253Fset_id%253D807,https://i.ebayimg.com/thumbs/images/g/Ni4AAOSw9iNapsg0/s-l96.jpg,https://ssli.ebayimg.com/images/g/pAYAAOSw~1FUWxRF/s-b120x42.png,https://i.ebayimg.com/thumbs/images/g/MroAAOSw6qpa7Hfh/s-l96.jpg,https://i.ebayimg.com/thumbs/images/g/OZgAAOSwoFZaxGa2/s-l200.jpg,http://pisces.bbystatic.com/image2/BestBuy_US/images/products/5577/5577928_sd.jpg,https://i.ebayimg.com/thumbs/images/g/zwkAAOSwe1xaxvdB/s-l96.jpg,https://i.ebayimg.com/thumbs/images/g/DswAAOSwNrBZ8zmC/s-l96.jpg,http://pisces.bbystatic.com/image2/BestBuy_US/images/products/5577/5577928_sa.jpg,https://i.ebayimg.com/thumbs/images/g/X4MAAOSw5P9bImfQ/s-l96.jpg,https://i.ebayimg.com/thumbs/images/g/VB0AAOSwKjha153M/s-l96.jpg,https://i.ebayimg.com/thumbs/images/g/LEMAAOSwYDZaijZX/s-l96.jpg,https://i.ebayimg.com/thumbs/images/g/iYwAAOSwPkBaiq-3/s-l96.jpg,https://i.ebayimg.com/thumbs/images/g/qW8AAOSwMVdYG4tL/s-l200.jpg,https://i.ebayimg.com/thumbs/images/g/FRcAAOSwcN1aYXuc/s-l96.jpg,https://images-na.ssl-images-amazon.com/images/I/61gZgR-mulL._SL1000_.jpg,http://images.frys.com/art/product/box_shots/8956113.box.GIF"
Sony - BC-TRX Battery Charger - Black, 22.99, Electronics, 3.70,"https://images-na.ssl-images-amazon.com/images/I/613FHF1geEL._SL1200_.jpg,https://i.ebayimg.com/images/g/IuoAAOSwPe1T2pSP/s-l300.jpg,https://images-na.ssl-images-amazon.com/images/I/51fRSomTw0L._SL1000_.jpg,http://images.frys.com/art/product/box_shots/7501956.box.GIF,https://images-na.ssl-images-amazon.com/images/I/61vLcyiaIPL._SL1200_.jpg,https://www.barcodable.com/images/barcode/0027242853270.png,https://static.bhphoto.com/images/itemImgPlaceholder.jpg,https://images-na.ssl-images-amazon.com/images/I/61-FxrWmbQL._SL1200_.jpg,https://pisces.bbystatic.com/image2/BestBuy_US/images/products/6699/6699565_sa.jpg,http://i.ebayimg.com/thumbs/images/g/WZUAAOxyaURTfbE3/s-l96.jpg,http://i.ebayimg.com/thumbs/images/g/FGIAAOSwcLxYICML/s-l96.jpg,http://pisces.bbystatic.com/image2/BestBuy_US/images/products/6699/6699565_sa.jpg,https://static.bhphoto.com/images/images500x500/sony_bctrx_travel_charger_for_x_g_n_d_t_r_k_1415639132000_913651.jpg,https://www.upccodesearch.com/images/barcode/0027242853270.png,https://images-na.ssl-images-amazon.com/images/I/61col7wwoUL._SL1200_.jpg,http://webobjects2.cdw.com/is/image/CDW/2910354,http://i.ebayimg.com/thumbs/images/g/hHsAAOSwr~dZjtB~/s-l96.jpg,https://static.bhphoto.com/images/images500x500/sony_bctrx_battery_charger_1415639132000_913651.jpg,https://images-na.ssl-images-amazon.com/images/I/612cvYTuNAL._SL1200_.jpg,http://i.ebayimg.com/thumbs/images/g/Tp4AAOSw-K9ZHw9f/s-l96.jpg,https://images-na.ssl-images-amazon.com/images/I/31LeWlsSorL.jpg,http://i.ebayimg.com/thumbs/images/g/cAIAAOSwrblZnnB3/s-l96.jpg"
Thermaltake - SMART Series 650W Bronze Power Supply - Black, 56.99, Electronics, 80.00,"http://i.ebayimg.com/images/g/KbEAAOSwQTVWBfgd/s-l64.jpg,https://images-na.ssl-images-amazon.com/images/I/51W6hs3ESrL.jpg,https://i5.walmartimages.com/asr/5b132eca-c504-4dc4-aa50-0bbfb41619b7_1.43e975732ba6ab54b2c209d7ea2c0054.jpeg%25253FodnHeight%25253D450%252526odnWidth%25253D450%252526odnBg%25253DFFFFFF,http://i.ebayimg.com/images/g/Td0AAOSw0HVWBfgc/s-l64.jpg,http://webobjects2.cdw.com/is/image/CDW/3180619,https://www.barcodable.com/images/barcode/0841163046470.png,https://i5.walmartimages.com/asr/975ea81c-442e-403f-8429-9738bde5106d_1.37bb9714da749106b63254db32d0c23c.jpeg%25253FodnHeight%25253D450%252526odnWidth%25253D450%252526odnBg%25253DFFFFFF,https://pisces.bbystatic.com/image2/BestBuy_US/images/products/8733/8733872_sa.jpg,https://static.bhphoto.com/images/images500x500/thermaltake_sp_650p_smart_standard_650w_1386955469000_1019139.jpg,http://i.ebayimg.com/images/g/9-AAAOSwWnFWBfgc/s-l300.jpg,https://www.upccodesearch.com/images/barcode/0841163046470.png,https://static.bhphoto.com/images/smallimages/1386955469000_1019139.jpg,http://i.ebayimg.com/images/g/NDwAAOSwKIpWBfgd/s-l64.jpg,https://i5.walmartimages.com/asr/1cb1c9ce-fdf0-400d-adf1-491e0b0a6b46_1.43e975732ba6ab54b2c209d7ea2c0054.jpeg%25253FodnHeight%25253D450%252526odnWidth%25253D450%252526odnBg%25253DFFFFFF,http://pisces.bbystatic.com/image2/BestBuy_US/images/products/8733/8733872_sa.jpg,http://i.ebayimg.com/images/g/9-AAAOSwWnFWBfgc/s-l64.jpg,https://i5.walmartimages.com/asr/942b9994-7723-4972-8873-1373f6b60a2d_1.17f6df377028ac755cb5f88436591dfe.jpeg%25253FodnHeight%25253D450%252526odnWidth%25253D450%252526odnBg%25253DFFFFFF,https://i5.walmartimages.com/asr/c4e16315-21b2-43c2-a815-20b1bad6c11a_1.68b314ace48f188d8466c0091b0c061e.jpeg%25253FodnHeight%25253D450%252526odnWidth%25253D450%252526odnBg%25253DFFFFFF,https://i5.walmartimages.com/asr/d34f524e-ead9-493f-a7b5-41ce2bd5a8f3_1.90f2a078717321206ca9638fa4b28451.jpeg%25253FodnHeight%25253D450%252526odnWidth%25253D450%252526odnBg%25253DFFFFFF,http://i.ebayimg.com/images/g/EX8AAOSw37tWBfgd/s-l64.jpg,http://static.bhphoto.com/images/images500x500/thermaltake_sp_650p_smart_standard_650w_1386955469000_1019139.jpg,http://i.ebayimg.com/images/g/lfwAAOSwuTxWBfgd/s-l64.jpg,https://i5.walmartimages.com/asr/7bce2ddf-ef64-48dc-97aa-015e9a377eb7_1.7f227b2dcb594da42afb82ffcacecb72.jpeg%25253FodnHeight%25253D450%252526odnWidth%25253D450%252526odnBg%25253DFFFFFF,https://i5.walmartimages.com/asr/e91e41f2-7694-4024-bcfe-b5d5083c32bb_1.68b314ace48f188d8466c0091b0c061e.jpeg%25253FodnHeight%25253D450%252526odnWidth%25253D450%252526odnBg%25253DFFFFFF,https://i5.walmartimages.com/asr/f06e452a-670e-4374-8e10-7486691d0f74_1.250ce278ccf714406ac00124fbd26bb5.jpeg%25253FodnHeight%25253D450%252526odnWidth%25253D450%252526odnBg%25253DFFFFFF,http://i.ebayimg.com/00/z/htQAAOSwRLZUB4xy/%252524_10.png,http://i.ebayimg.com/images/g/EXYAAOSw37tWBfgc/s-l64.jpg"
VS278Q-P 27 16:9 LCD Monitor, 189.00, Electronics, 11.20,"https://i.ebayimg.com/images/g/tG4AAOSwxp9W121a/s-l300.jpg,http://i.ebayimg.com/thumbs/images/g/ZggAAOSw5dNWnQTK/s-l96.jpg,https://i5.walmartimages.com/asr/f842cde1-fe1d-453f-95ad-47eb4a76f779_1.55cbff07b4908148958b49c0589fc78e.jpeg%2525253FodnHeight%2525253D450%25252526odnWidth%2525253D450%25252526odnBg%2525253DFFFFFF,http://i.ebayimg.com/00/s/MTAwMFgxMDAw/z/tG4AAOSwxp9W121a/%25252524_10.JPG%2525253Fset_id%2525253D880000500F,https://pisces.bbystatic.com/image2/BestBuy_US/images/products/7008/7008768_ra.jpg,http://i.ebayimg.com/images/g/jJkAAOSwv9hW121a/s-l64.jpg,http://i.ebayimg.com/thumbs/images/g/JqgAAOSwZVlXvZx7/s-l96.jpg,http://i.ebayimg.com/thumbs/images/g/a7oAAOSwgv5ZVCID/s-l96.jpg,https://i5.walmartimages.com/asr/5fa2239b-070e-4346-8e75-1c1ff2db89b5_1.f89273344fa521b31d47805bf98b99eb.jpeg%2525253FodnHeight%2525253D450%25252526odnWidth%2525253D450%25252526odnBg%2525253DFFFFFF,http://i.ebayimg.com/thumbs/images/g/RBwAAOSw1~JZPUuR/s-l96.jpg,http://i.ebayimg.com/00/s/OTBYMzEw/z/WXcAAOSwrXdXJ8dJ/%25252524_10.JPG%2525253Fset_11.JPG%2525253Fset_id%2525253D807,https://static.bhphoto.com/images/images500x500/asus_vs278q_p_27_led_monitor_1362411950000_925856.jpg,http://i.ebayimg.com/thumbs/images/g/4IEAAOSwSzRZQ4lQ/s-l200.jpg,http://i.ebayimg.com/thumbs/images/g/5KgAAOSwi8VZUSpS/s-l96.jpg,https://pisces.bbystatic.com/image2/BestBuy_US/images/products/7008/7008768_sa.jpg,http://i.ebayimg.com/thumbs/images/g/Xu0AAOSwZVlXlrSf/s-l96.jpg,https://i5.walmartimages.com/asr/d78e2da5-5a51-4d02-b6ac-59bfbd1ec1b1_1.09647f553a90cd9936a894ca3b652756.jpeg%2525253FodnHeight%2525253D450%25252526odnWidth%2525253D450%25252526odnBg%2525253DFFFFFF,http://i.ebayimg.com/thumbs/images/g/M3IAAOSwgZ1Xs54u/s-l96.jpg,http://i.ebayimg.com/thumbs/images/g/ctkAAOSwgmJXyEPu/s-l96.jpg,https://pisces.bbystatic.com/image2/BestBuy_US/images/products/7008/7008768cv1a.jpg,http://i.ebayimg.com/thumbs/images/g/BKAAAOSwU8hY7NgO/s-l96.jpg,https://i5.walmartimages.com/asr/f79aadf4-61fb-4d63-acd6-f5f24afcb4c4_1.4750c90aad4c7196aab47be0b7ab241a.jpeg%2525253FodnHeight%2525253D450%25252526odnWidth%2525253D450%25252526odnBg%2525253DFFFFFF,https://static.bhphoto.com/images/itemImgPlaceholder.jpg,http://i.ebayimg.com/images/g/tG4AAOSwxp9W121a/s-l64.jpg,https://i5.walmartimages.com/asr/1e78b650-f312-4b79-94d8-1f4efc078367_1.540435732b913c344545781ce08b5859.jpeg%2525253FodnHeight%2525253D450%25252526odnWidth%2525253D450%25252526odnBg%2525253DFFFFFF,http://i.ebayimg.com/images/g/sLsAAOSwmmxW121a/s-l64.jpg,http://i.ebayimg.com/thumbs/images/g/bDwAAOSw9GhYgq2x/s-l96.jpg,http://i.ebayimg.com/thumbs/images/g/gdcAAOSwvg9XfsYb/s-l96.jpg,https://i5.walmartimages.com/asr/202814f9-f5de-4bdf-82f6-1fafd6164a9a_1.f401345b392dfcfdec24918138927ef2.jpeg%2525253FodnHeight%2525253D450%25252526odnWidth%2525253D450%25252526odnBg%2525253DFFFFFF,http://i.ebayimg.com/images/g/om0AAOSwzgRW121c/s-l64.jpg,http://i.ebayimg.com/thumbs/images/g/5pQAAOSwa-dWq8Ay/s-l96.jpg,http://i.ebayimg.com/thumbs/images/g/kAgAAOSwJH1ZJGOt/s-l96.jpg,http://i.ebayimg.com/thumbs/images/g/DagAAOSwMtxXuokZ/s-l200.jpg,https://i5.walmartimages.com/asr/849aae06-b63f-4472-b609-a82f98b9c665_1.1b0ef5dbfc18160deb5fa603416d5a17.jpeg%2525253FodnHeight%2525253D450%25252526odnWidth%2525253D450%25252526odnBg%2525253DFFFFFF,https://i5.walmartimages.com/asr/289d2eef-a0fc-4982-bf3a-bf5784cfce77_1.afcbb538282fc45dc77e1ac1a53c321c.jpeg%2525253FodnHeight%2525253D450%25252526odnWidth%2525253D450%25252526odnBg%2525253DFFFFFF,http://i.ebayimg.com/thumbs/images/g/AQYAAOSw5cNYd9c4/s-l96.jpg,http://i.ebayimg.com/thumbs/images/g/tG4AAOSwxp9W121a/s-l96.jpg,https://i5.walmartimages.com/asr/57bc2354-a566-4b79-bdd3-4e4e21001fbb_1.0b65f4c9bc70df2d7fcdf3140be43941.jpeg%2525253FodnHeight%2525253D450%25252526odnWidth%2525253D450%25252526odnBg%2525253DFFFFFF,https://i5.walmartimages.com/asr/44d04289-e0d3-4fe0-b4d3-ac808657bc89_1.bc06b04124549781ed24acd14375b242.jpeg%2525253FodnHeight%2525253D450%25252526odnWidth%2525253D450%25252526odnBg%2525253DFFFFFF"
Details About Skybell Hd Wifi 1080p Video Doorbell Bronze (sh02300bz), 197.99, Electronics, 10.40,"http://i.ebayimg.com/00/s/Mzc4WDMzNA==/z/gTcAAOxycmBS9D64/%2524_10.JPG%253Fset_11.JPG%253Fset_id%253D807,http://i.ebayimg.com/thumbs/images/g/7zgAAOSw0hlZseaY/s-l200.jpg,https://images-na.ssl-images-amazon.com/images/I/819vE6YP37L._SL1500_.jpg,https://i.ebayimg.com/images/g/6V4AAOSwqgRZseaY/s-l64.jpg,https://i.ebayimg.com/thumbs/images/g/ou0AAOSwbsBXpB3K/s-l200.jpg,https://images-na.ssl-images-amazon.com/images/I/71KHguIFhQL._SL1500_.jpg,https://i5.walmartimages.com/asr/9680038e-cc3b-4bf4-9a85-0c36fd51e4ba_1.1279bad8a74a59efb5627e78e3ca5344.jpeg%253FodnHeight%253D450%2526odnWidth%253D450%2526odnBg%253DFFFFFF,http://i.ebayimg.com/thumbs/images/g/hycAAOSwaMpZpcmZ/s-l200.jpg,http://i.ebayimg.com/thumbs/images/g/FwQAAOSwls5Y8L1H/s-l200.jpg,http://i.ebayimg.com/thumbs/images/g/eCoAAOSwKz9ZpOsN/s-l200.jpg,https://images-na.ssl-images-amazon.com/images/I/617lnfJp6XL._SL1500_.jpg,https://i.ebayimg.com/thumbs/images/g/qtIAAOSwa3BaPBNr/s-l200.jpg,https://pisces.bbystatic.com/image2/BestBuy_US/images/products/5665/5665606_sa.jpg,http://i.ebayimg.com/thumbs/images/g/XGsAAOSwk9dZmYm~/s-l200.jpg,https://images-na.ssl-images-amazon.com/images/I/71PLT0C-zvL._SL1500_.jpg,https://i.ebayimg.com/images/g/7zgAAOSw0hlZseaY/s-l300.jpg,http://i.ebayimg.com/thumbs/images/g/TKEAAOSwf~ZZb1Lx/s-l200.jpg,https://images-na.ssl-images-amazon.com/images/I/814Zipli5pL._SL1500_.jpg,http://i.ebayimg.com/thumbs/images/g/lx4AAOSw3h1ZTAfB/s-l200.jpg,http://www.homedepot.com/catalog/productImages/300/40/407f7c6f-5791-40e5-80a7-cbc37acc7b50_300.jpg,https://i.ebayimg.com/thumbs/images/g/7zgAAOSw0hlZseaY/s-l200.jpg,http://i.ebayimg.com/thumbs/images/g/m2kAAOSwhIFZhile/s-l200.jpg,http://i.ebayimg.com/thumbs/images/g/9eoAAOSwONBZCIfw/s-l200.jpg,https://i.ebayimg.com/images/g/7zgAAOSw0hlZseaY/s-l64.jpg,https://images-na.ssl-images-amazon.com/images/I/81RFKMY1R1L._SL1500_.jpg,http://i.ebayimg.com/thumbs/images/g/WpcAAOSwykpZmAaK/s-l200.jpg,https://i5.walmartimages.com/asr/0e115def-f5cd-4d64-bc54-6c33f3819ded_1.01dd1af8b93cc24b33235e8692cc49a7.jpeg%253FodnHeight%253D450%2526odnWidth%253D450%2526odnBg%253DFFFFFF,https://i.ebayimg.com/images/g/NxcAAOSw~AVYq5PD/s-l300.jpg,https://i.ebayimg.com/thumbs/images/g/6OgAAOSwxQha4qGH/s-l200.jpg,https://i.ebayimg.com/thumbs/images/g/7~EAAOSwd~RZOkqI/s-l200.jpg,http://i.ebayimg.com/thumbs/images/g/ou0AAOSwbsBXpB3K/s-l200.jpg,https://images.homedepot-static.com/productImages/407f7c6f-5791-40e5-80a7-cbc37acc7b50/svn/bronze-skybell-doorbell-buttons-sh02300bz-64_300.jpg,https://i.ebayimg.com/thumbs/images/g/4KcAAOSwHHRa~NtV/s-l200.jpg,https://images-na.ssl-images-amazon.com/images/I/51RtLSqjTLL._SL1187_.jpg,https://i.ebayimg.com/thumbs/images/g/YvIAAOSw~Q9a9PMR/s-l200.jpg,http://i.ebayimg.com/thumbs/images/g/kBAAAOSwl0tZpO2u/s-l200.jpg,https://i5.walmartimages.com/asr/05580ab2-da67-475f-8e99-70f9fa272b46_1.82cc3594664810bf14e49bb41598ec91.jpeg%253FodnHeight%253D450%2526odnWidth%253D450%2526odnBg%253DFFFFFF,http://i.ebayimg.com/thumbs/images/g/4f4AAOSwmgJY72cY/s-l200.jpg,https://i.ebayimg.com/thumbs/images/g/n~wAAOSw2tRZcMM1/s-l200.jpg,https://i.ebayimg.com/images/g/pEYAAOSwM6NZseaY/s-l64.jpg,https://images-na.ssl-images-amazon.com/images/I/51u8lLpsFSL._SL1000_.jpg"
AudioQuest - Chocolate 16.5' 4K Ultra HD In-Wall HDMI Cable - Brown, 289.98, Electronics, 1.00,"http://c.shld.net/rpx/i/s/pi/mp/5156/prod_9054455320%25253Fsrc%25253Dhttps%2525253A%2525252F%2525252Fwww.hideflifestyle.com%2525252Fmedia%2525252Fcatalog%2525252Fproduct%2525252Fc%2525252Fh%2525252Fchocolate-hdmi-v2_7.png%2525253F%252526d%25253D34ed094f0d9d45388b005e3bd7595002caf8098e%252526hei%25253D245%252526wid%25253D245%252526op_sharpen%25253D1%252526qlt%25253D85,https://pisces.bbystatic.com/image2/BestBuy_US/images/products/9514/9514046_sa.jpg,http://pisces.bbystatic.com/image2/BestBuy_US/images/products/9514/9514046_sa.jpg,https://images-na.ssl-images-amazon.com/images/I/314AqCD9bqL.jpg,https://www.barcodable.com/images/barcode/0092592085565.png,http://ecx.images-amazon.com/images/I/41bdXj12F8L._SX300_QL70_.jpg,https://www.upccodesearch.com/images/barcode/0092592085565.png,http://ecx.images-amazon.com/images/I/41bdXj12F8L._SS40_.jpg"
V-MODA - Crossfade Wireless Headphones - Gunmetal Black, 299.99, Electronics, 2.00,"https://i5.walmartimages.com/asr/5756797e-8ddc-4abc-a7d1-e13f56afb5a6_1.6f6577999f1a0395b3699d6279f0604e.jpeg%25253FodnHeight%25253D450%252526odnWidth%25253D450%252526odnBg%25253DFFFFFF,https://pisces.bbystatic.com/image2/BestBuy_US/images/products/4759/4759403_rd.jpg,http://static.bhphoto.com/images/multiple_images/thumbnails/1447349600000_IMG_553853.jpg,https://i5.walmartimages.com/asr/d7500473-d836-4bfe-80db-6eb55814e2f7_1.81fb16d2623484abc8b6b52dfbc15130.jpeg%25253FodnHeight%25253D450%252526odnWidth%25253D450%252526odnBg%25253DFFFFFF,http://i.ebayimg.com/thumbs/images/g/7xUAAOSw1WJZGlp5/s-l200.jpg,http://i.ebayimg.com/thumbs/images/g/oQkAAOSweIlZYWrs/s-l200.jpg,https://pisces.bbystatic.com/image2/BestBuy_US/images/products/4759/4759403cv12d.jpg,https://i.ebayimg.com/images/g/oQkAAOSweIlZYWrs/s-l300.jpg,https://pisces.bbystatic.com/image2/BestBuy_US/images/products/4759/4759403_sd.jpg,http://i.ebayimg.com/thumbs/images/g/VoUAAOSwfRdZHln1/s-l200.jpg,https://pisces.bbystatic.com/image2/BestBuy_US/images/products/4759/4759403_ra.jpg,https://dri1.img.digitalrivercontent.net/Storefront/Company/msintl/images/English/en-INTL-VModa-Crsfde-Wrless-Blk-QK7-00232/en-INTL-L-VModa-Crsfde-Wrless-Blk-QK7-00232-RM2-mnco.jpg,http://i.ebayimg.com/thumbs/images/g/W5oAAOSwjKFZTEVP/s-l200.jpg,https://images-na.ssl-images-amazon.com/images/I/61rjOECNqzL._SL1190_.jpg,https://pisces.bbystatic.com/image2/BestBuy_US/images/products/4759/4759403cv13d.jpg,http://i.ebayimg.com/thumbs/images/g/KJkAAOSw~e5ZVD6H/s-l200.jpg,https://images-na.ssl-images-amazon.com/images/I/817EdNF6iFL._SL1500_.jpg,http://static.bhphoto.com/images/smallimages/1447349832000_1197440.jpg,https://images-na.ssl-images-amazon.com/images/I/71G1%25252BoyravL._SL1500_.jpg,https://static.bhphoto.com/images/images500x500/v_moda_xfbt_gunblack_crossfade_wireless_headphones_black_1447349832000_1197440.jpg,http://i.ebayimg.com/thumbs/images/g/Qd8AAOSwFqNZXn3d/s-l200.jpg,http://static.bhphoto.com/images/multiple_images/thumbnails/1447349600000_IMG_553851.jpg,https://static.bhphoto.com/images/itemImgPlaceholder.jpg,https://i5.walmartimages.com/asr/99f1f27e-f7e9-4831-9d0e-01f21634ca5f_1.1fa24d47f79d262409aa9b6389ab1bb0.jpeg%25253FodnHeight%25253D450%252526odnWidth%25253D450%252526odnBg%25253DFFFFFF,https://dri1.img.digitalrivercontent.net/Storefront/Company/msintl/images/English/en-INTL-VModa-Crsfde-Wrless-Blk-QK7-00232/en-INTL-L-VModa-Crsfde-Wrless-Blk-QK7-00232-RM1-mnco.jpg,http://i.ebayimg.com/thumbs/images/g/8HUAAOSwf~9ZX3SX/s-l200.jpg,https://images-na.ssl-images-amazon.com/images/I/81Ed2ukXOBL._SL1500_.jpg,https://dri1.img.digitalrivercontent.net/Storefront/Company/msintl/images/English/en-INTL-VModa-Crsfde-Wrless-Blk-QK7-00232/en-INTL-L-VModa-Crsfde-Wrless-Blk-QK7-00232-mnco.jpg,http://pisces.bbystatic.com/image2/BestBuy_US/images/products/4759/4759403_ra.jpg,http://pisces.bbystatic.com/image2/BestBuy_US/images/products/4759/4759403_rd.jpg,http://static.bhphoto.com/images/multiple_images/thumbnails/1447349600000_IMG_553852.jpg,https://images-na.ssl-images-amazon.com/images/I/71OS5IA2x8L._SL1500_.jpg,http://i.ebayimg.com/thumbs/images/g/Un0AAOSwUIhZZP5E/s-l200.jpg,https://images-na.ssl-images-amazon.com/images/I/61oKSENtZzL._SL1000_.jpg,http://i.ebayimg.com/thumbs/images/g/hPUAAOSwiQ9ZWnO8/s-l200.jpg,https://images-na.ssl-images-amazon.com/images/I/81ELiQNfclL._SL1500_.jpg,http://i.ebayimg.com/thumbs/images/g/3u4AAOSwu59ZZBxO/s-l200.jpg,http://static.bhphoto.com/images/images500x500/v_moda_xfbt_gunblack_crossfade_wireless_headphones_black_1447349832000_1197440.jpg"
Details About New Logitech G230 981000541 Headset, 59.99, Electronics, 0.56,"https://i.ebayimg.com/thumbs/images/g/5voAAOSw401Z6Yf2/s-l96.jpg,https://ssli.ebayimg.com/images/g/LM4AAOSwFyhaQuM1/s-l64.jpg,https://ssli.ebayimg.com/images/g/07UAAOSw0wRaQuMy/s-l64.jpg,https://i.ebayimg.com/thumbs/images/g/X0gAAOSwUBlZqBNT/s-l200.jpg,https://ssli.ebayimg.com/images/g/VR4AAOSwl8NVdrmi/s-b120x42.png,https://i.ebayimg.com/thumbs/images/g/j54AAOSwhaBavTMf/s-l200.jpg,https://i.ebayimg.com/images/g/e~8AAOSw6btXTbj7/s-l300.jpg,https://i.ebayimg.com/thumbs/images/g/CkoAAOSwxl5bHhtl/s-l96.jpg,http://s7d1.scene7.com/is/image/officedepot/678017_vw_etz00_1024576577,https://i.ebayimg.com/thumbs/images/g/KUIAAOSw17paw7Gl/s-l96.jpg,https://ssli.ebayimg.com/images/g/BmkAAOSwPPpaQuM0/s-l64.jpg,https://i.ebayimg.com/images/g/ZJ0AAOSwx2dYCQBz/s-l64.jpg,https://i.ebayimg.com/images/g/nrQAAOSwBoZZd4WK/s-l225.jpg,https://i.ebayimg.com/thumbs/images/g/REIAAOSwlMRa0Tm0/s-l96.jpg,https://pisces.bbystatic.com/image2/BestBuy_US/images/products/8785/8785701_ra.jpg,http://s7d1.scene7.com/is/image/officedepot/678017_o05_g230_red_detail_cuff,https://i.ebayimg.com/thumbs/images/g/6m8AAOSwzFxa1Zsp/s-l96.jpg,https://i.ebayimg.com/images/g/KLsAAOSwKrhVeD3X/s-l300.jpg,https://i.ebayimg.com/images/g/WzgAAOSwn7JYCQB5/s-l64.jpg,https://i.ebayimg.com/thumbs/images/g/5voAAOSw401Z6Yf2/s-l200.jpg,https://i.ebayimg.com/thumbs/images/g/FqEAAOSwxJlazRli/s-l200.jpg,https://ssli.ebayimg.com/images/g/~ToAAOSw-jFaQuM0/s-l64.jpg,http://s7d1.scene7.com/is/image/officedepot/678017_p_g230_red_straight,https://i.ebayimg.com/images/g/vMQAAOSwo4pYCQB1/s-l64.jpg,https://i.ebayimg.com/thumbs/images/g/JrEAAOSwFytaGaR0/s-l96.jpg,https://static.bhphoto.com/images/itemImgPlaceholder.jpg,https://ssli.ebayimg.com/images/g/WCMAAOSwZJxahE7e/s-l640.jpg,https://ssli.ebayimg.com/images/g/qJUAAOSw1BFaQuMy/s-l64.jpg,https://target.scene7.com/is/image/Target/14651356,https://i.ebayimg.com/thumbs/images/g/kB4AAOSw5ZtaTxu1/s-l200.jpg,https://i.ebayimg.com/images/g/e~8AAOSw6btXTbj7/s-l64.jpg,https://images-na.ssl-images-amazon.com/images/I/71JtjNlrpKL._SL1500_.jpg,https://i.ebayimg.com/thumbs/images/g/rGsAAOSwTIhajGrF/s-l200.jpg,https://i.ebayimg.com/images/g/kxIAAOSwY0lXTbj4/s-l64.jpg,https://images-na.ssl-images-amazon.com/images/I/71oxCWuuPbL._SL1500_.jpg,https://i.ebayimg.com/thumbs/images/g/e~8AAOSw6btXTbj7/s-l200.jpg,https://i.ebayimg.com/thumbs/images/g/SxwAAOSwXfBZe5Z9/s-l96.jpg,https://i.ebayimg.com/images/g/WuYAAOSwGjpXTbj6/s-l64.jpg,https://i.ebayimg.com/images/g/VEYAAOSw-0xYYOAr/s-l225.jpg,https://i.ebayimg.com/images/g/gn8AAOSwHMJYCQB2/s-l64.jpg,https://i.ebayimg.com/thumbs/images/g/ZJ0AAOSwx2dYCQBz/s-l200.jpg,https://images-na.ssl-images-amazon.com/images/I/81McoUM3tUL._SL1500_.jpg,https://i.ebayimg.com/00/%2525252524%2525252528KGrHqZHJEEFH%252525252Cb7guP3BR4Q%2525252529sGw%2525252521%2525252521%252525257E%252525257E_10.JPG%252525253Fset_id%252525253D89040003C1,https://ssli.ebayimg.com/images/g/fH4AAOSwLdBaQuMy/s-l64.jpg,https://ssli.ebayimg.com/images/g/lxUAAOSwmuVaW8im/s-l640.jpg,https://i.ebayimg.com/images/g/ZJ0AAOSwx2dYCQBz/s-l300.jpg,https://i.ebayimg.com/images/g/e~8AAOSw6btXTbj7/s-l225.jpg,https://ssli.ebayimg.com/images/g/IOUAAOSwWLBaQuMw/s-l64.jpg,https://ssli.ebayimg.com/images/g/wnMAAOSwUMxaQuM2/s-l64.jpg,https://ssli.ebayimg.com/images/g/IOUAAOSwWLBaQuMw/s-l640.jpg,https://i.ebayimg.com/thumbs/images/g/~xoAAOSw6VRaKZno/s-l200.jpg,https://i.ebayimg.com/thumbs/images/g/e~8AAOSw6btXTbj7/s-l96.jpg,http://s7d1.scene7.com/is/image/officedepot/678017_o04_g230_red_ctg_side_view,https://i.ebayimg.com/thumbs/images/g/y9EAAOSwRRZbDtlU/s-l200.jpg,http://s7d1.scene7.com/is/image/officedepot/678017_o03_g230_red_flat,https://i.ebayimg.com/images/g/AzQAAOSwal5YCQB3/s-l64.jpg,http://s7d1.scene7.com/is/image/officedepot/678017_o02_g230_red_profile_extend,https://images-na.ssl-images-amazon.com/images/I/71YFLEi88zL._SL1500_.jpg,https://i.ebayimg.com/thumbs/images/g/tk8AAOSw7j5a-xGw/s-l96.jpg,https://ssli.ebayimg.com/images/g/oqIAAOSwQS1aFDNE/s-l640.jpg,https://ssli.ebayimg.com/images/g/ytEAAOSwYc5Z9Icb/s-l640.jpg,https://ssli.ebayimg.com/images/g/X9MAAOSwdx1aQuMw/s-l64.jpg,https://static.bhphoto.com/images/images500x500/logitech_981_000541_g230_stereo_gaming_headset_1371160047000_974910.jpg,https://ssli.ebayimg.com/images/g/gf8AAOxywh1TDWCH/s-l640.jpg"
Lowepro - Slingshot Edge 250 AW Camera Backpack - Black, 62.99, Electronics, 1.80,"https://static.bhphoto.com/images/images500x500/lowepro_lp36899_250_aw_slingshot_edge_1439092256000_1163439.jpg,https://pisces.bbystatic.com/image2/BestBuy_US/images/products/4420/4420500_rd.jpg,https://i5.walmartimages.com/asr/531d2fff-aaca-4657-81bb-c47641de4d35_1.ce284c46f1945c90d30a9fe511a0f85b.jpeg%25253FodnHeight%25253D450%252526odnWidth%25253D450%252526odnBg%25253DFFFFFF,http://i.ebayimg.com/thumbs/images/g/cqgAAOSwCU1YnKdS/s-l96.jpg,http://i.ebayimg.com/images/g/OiEAAOSwxDNZgFsC/s-l64.jpg,https://pisces.bbystatic.com/image2/BestBuy_US/images/products/4420/4420500cv11d.jpg,https://i5.walmartimages.com/asr/0727bcc8-021c-4f68-9b0d-7d38f9e9f663_1.7a4aac007962d6b5404dda74b84fb9f6.jpeg%25253FodnHeight%25253D450%252526odnWidth%25253D450%252526odnBg%25253DFFFFFF,http://images.frys.com/art/product/box_shots/8595219.box.GIF,https://pisces.bbystatic.com/image2/BestBuy_US/images/products/4420/4420500cv13d.jpg,http://c.shld.net/rpx/i/s/pi/mp/4554/prod_8077367220%25253Fsrc%25253Dhttp%2525253A%2525252F%2525252Fbackend.cametaauctions.com%2525252FProduct%2525252FImages%2525252Flowepro%2525252Fslingshot_edge_250_black_03.jpg%252526d%25253D6600d07e8c4c3a5cf2701c3f82e27a58113e8a98,http://pisces.bbystatic.com/image2/BestBuy_US/images/products/4420/4420500_ra.jpg,http://c.shld.net/rpx/i/s/pi/mp/4554/prod_8077367420%25253Fsrc%25253Dhttp%2525253A%2525252F%2525252Fbackend.cametaauctions.com%2525252FProduct%2525252FImages%2525252Flowepro%2525252Fslingshot_edge_250_black_05.jpg%252526d%25253De4045ab39843cc6c77b7df9a251d2c753e8b9ad3,https://i5.walmartimages.com/asr/c37554d9-9086-4209-838c-ec72d62e28dc_1.9522044813b664cc0bc15bdc915031d4.jpeg%25253FodnHeight%25253D450%252526odnWidth%25253D450%252526odnBg%25253DFFFFFF,http://i.ebayimg.com/images/g/2ToAAOSw5j9ZgFsA/s-l64.jpg,http://c.shld.net/rpx/i/s/pi/mp/4554/prod_8077367320%25253Fsrc%25253Dhttp%2525253A%2525252F%2525252Fbackend.cametaauctions.com%2525252FProduct%2525252FImages%2525252Flowepro%2525252Fslingshot_edge_250_black_04.jpg%252526d%25253D551e9a122a73072158376be0f3c7a723a0662866,http://i.ebayimg.com/images/g/XVIAAOSwz7JZgFr9/s-l64.jpg,http://i.ebayimg.com/images/g/ftwAAOSw5PFZgFsB/s-l64.jpg,https://pisces.bbystatic.com/image2/BestBuy_US/images/products/4420/4420500ld.jpg,http://c.shld.net/rpx/i/s/pi/mp/4554/prod_8077367620%25253Fsrc%25253Dhttp%2525253A%2525252F%2525252Fbackend.cametaauctions.com%2525252FProduct%2525252FImages%2525252Flowepro%2525252Fslingshot_edge_250_black_01.jpg%252526d%25253D3c9947b2a5dc8f66c0d1aec0c489f395dd0d4981,http://i.ebayimg.com/images/g/c4wAAOSw2WBZgFr~/s-l64.jpg,https://static.bhphoto.com/images/itemImgPlaceholder.jpg,https://pisces.bbystatic.com/image2/BestBuy_US/images/products/4420/4420500_ra.jpg,https://i5.walmartimages.com/asr/f599fffa-37b2-4fd4-8531-b403f205814e_1.8edf9aa68cd06600b20b90c93d8edad5.jpeg%25253FodnHeight%25253D450%252526odnWidth%25253D450%252526odnBg%25253DFFFFFF,http://i.ebayimg.com/thumbs/images/g/wxYAAOSwPHNZiyo2/s-l96.jpg,http://i.ebayimg.com/00/z/r7IAAOSwF1dURfmQ/%252524_10.png,http://i.ebayimg.com/images/g/uyUAAOSwzzZZgFsO/s-l64.jpg,http://c.shld.net/rpx/i/s/pi/mp/4554/prod_8077367120%25253Fsrc%25253Dhttp%2525253A%2525252F%2525252Fbackend.cametaauctions.com%2525252FProduct%2525252FImages%2525252Flowepro%2525252Fslingshot_edge_250_black_02.jpg%252526d%25253D8350465bd4db8f53376909311756781ff3f0e94c,http://i.ebayimg.com/images/g/BCUAAOSwFjNZgFr~/s-l64.jpg,http://c.shld.net/rpx/i/s/pi/mp/4554/prod_8077367520%25253Fsrc%25253Dhttp%2525253A%2525252F%2525252Fbackend.cametaauctions.com%2525252FProduct%2525252FImages%2525252Flowepro%2525252Fslingshot_edge_250_black_06.jpg%252526d%25253Deb1a3bd3830f68264088108f670511447e334a41,http://i.ebayimg.com/thumbs/images/g/iCkAAOSwz3lZeT-t/s-l96.jpg,http://i.ebayimg.com/images/g/jhYAAOSwIxZZgFr9/s-l64.jpg,http://i.ebayimg.com/thumbs/images/g/bCsAAOSwg7VZnbQc/s-l96.jpg,https://i.ebayimg.com/images/g/uyUAAOSwzzZZgFsO/s-l300.jpg,http://pisces.bbystatic.com/image2/BestBuy_US/images/products/4420/4420500_rd.jpg,http://i.ebayimg.com/thumbs/images/g/M6QAAOSwR5VZlnmC/s-l96.jpg,https://pisces.bbystatic.com/image2/BestBuy_US/images/products/4420/4420500cv12d.jpg"
